study,profile,num_samples,amplitude_bits,time_bits,total_qubits,state_space_dimension,runs,sample_hamming_weight_mean,sample_hamming_weight_std,sample_hamming_weight_min,sample_hamming_weight_max,sample_bit_density_mean,sample_bit_density_std,sample_bit_density_min,sample_bit_density_max,build_seconds_mean,build_seconds_std,build_seconds_min,build_seconds_max,transpile_seconds_mean,transpile_seconds_std,transpile_seconds_min,transpile_seconds_max,raw_depth_mean,raw_depth_std,raw_depth_min,raw_depth_max,raw_size_mean,raw_size_std,raw_size_min,raw_size_max,transpiled_depth_mean,transpiled_depth_std,transpiled_depth_min,transpiled_depth_max,transpiled_size_mean,transpiled_size_std,transpiled_size_min,transpiled_size_max,transpiled_cx_count_mean,transpiled_cx_count_std,transpiled_cx_count_min,transpiled_cx_count_max,transpiled_single_qubit_count_mean,transpiled_single_qubit_count_std,transpiled_single_qubit_count_min,transpiled_single_qubit_count_max,depth_overhead_ratio_mean,depth_overhead_ratio_std,depth_overhead_ratio_min,depth_overhead_ratio_max,size_overhead_ratio_mean,size_overhead_ratio_std,size_overhead_ratio_min,size_overhead_ratio_max
signal_length,sparse,2,4,1,5,32,1,2.0,0.0,2.0,2.0,0.25,0.0,0.25,0.25,0.0001498999772593379,0.0,0.0001498999772593379,0.0001498999772593379,0.005824599997140467,0.0,0.005824599997140467,0.005824599997140467,5.0,0.0,5.0,5.0,5.0,0.0,5.0,5.0,6.0,0.0,6.0,6.0,6.0,0.0,6.0,6.0,2.0,0.0,2.0,2.0,4.0,0.0,4.0,4.0,1.2,0.0,1.2,1.2,1.2,0.0,1.2,1.2
signal_length,random,2,4,1,5,32,5,3.0,1.224744871391589,1.0,4.0,0.375,0.15309310892394862,0.125,0.5,0.00015610000118613244,2.2308857106009854e-05,0.00012199999764561653,0.00018229999113827944,0.006790859973989427,0.001982961983833121,0.005065999925136566,0.009848100016824901,6.0,1.224744871391589,4.0,7.0,6.0,1.224744871391589,4.0,7.0,6.8,1.6431676725154984,4.0,8.0,6.8,1.6431676725154984,4.0,8.0,3.0,1.224744871391589,1.0,4.0,3.8,0.4472135954999579,3.0,4.0,1.1238095238095238,0.07022800573215537,1.0,1.1666666666666667,1.1238095238095238,0.07022800573215537,1.0,1.1666666666666667
signal_length,dense,2,4,1,5,32,1,8.0,0.0,8.0,8.0,1.0,0.0,1.0,1.0,0.0002354000462219119,0.0,0.0002354000462219119,0.0002354000462219119,0.00626409996766597,0.0,0.00626409996766597,0.00626409996766597,11.0,0.0,11.0,11.0,11.0,0.0,11.0,11.0,12.0,0.0,12.0,12.0,12.0,0.0,12.0,12.0,8.0,0.0,8.0,8.0,4.0,0.0,4.0,4.0,1.0909090909090908,0.0,1.0909090909090908,1.0909090909090908,1.0909090909090908,0.0,1.0909090909090908,1.0909090909090908
signal_length,sparse,4,4,2,6,64,1,4.0,0.0,4.0,4.0,0.25,0.0,0.25,0.25,0.0004474000306800008,0.0,0.0004474000306800008,0.0004474000306800008,0.0060489000752568245,0.0,0.0060489000752568245,0.0060489000752568245,10.0,0.0,10.0,10.0,14.0,0.0,14.0,14.0,44.0,0.0,44.0,44.0,82.0,0.0,82.0,82.0,24.0,0.0,24.0,24.0,58.0,0.0,58.0,58.0,4.4,0.0,4.4,4.4,5.857142857142857,0.0,5.857142857142857,5.857142857142857
signal_length,random,4,4,2,6,64,5,8.2,2.4899799195977463,6.0,12.0,0.5125,0.15562374497485915,0.375,0.75,0.0004885399946942925,0.00015482240482102546,0.00034090003464370966,0.000674000009894371,0.004454560019075871,0.0006233902507153663,0.003973899991251528,0.005524800042621791,14.2,2.4899799195977463,12.0,18.0,18.2,2.4899799195977463,16.0,22.0,86.4,24.46017170830982,65.0,124.0,136.2,32.42221460665511,108.0,186.0,49.2,14.939879517586478,36.0,72.0,87.0,17.4928556845359,72.0,114.0,5.997777777777778,0.6208392368598262,5.416666666666667,6.888888888888889,7.404944178628389,0.7202171442546847,6.75,8.454545454545455
signal_length,dense,4,4,2,6,64,1,16.0,0.0,16.0,16.0,1.0,0.0,1.0,1.0,0.0006240000948309898,0.0,0.0006240000948309898,0.0006240000948309898,0.004325600108131766,0.0,0.004325600108131766,0.004325600108131766,22.0,0.0,22.0,22.0,26.0,0.0,26.0,26.0,164.0,0.0,164.0,164.0,238.0,0.0,238.0,238.0,96.0,0.0,96.0,96.0,142.0,0.0,142.0,142.0,7.454545454545454,0.0,7.454545454545454,7.454545454545454,9.153846153846153,0.0,9.153846153846153,9.153846153846153
signal_length,sparse,8,4,3,7,128,1,8.0,0.0,8.0,8.0,0.25,0.0,0.25,0.25,0.0010697999969124794,0.0,0.0010697999969124794,0.0010697999969124794,0.006408900022506714,0.0,0.006408900022506714,0.006408900022506714,21.0,0.0,21.0,21.0,35.0,0.0,35.0,35.0,213.0,0.0,213.0,213.0,275.0,0.0,275.0,275.0,106.0,0.0,106.0,106.0,169.0,0.0,169.0,169.0,10.142857142857142,0.0,10.142857142857142,10.142857142857142,7.857142857142857,0.0,7.857142857142857,7.857142857142857
signal_length,random,8,4,3,7,128,5,16.8,1.9235384061671346,15.0,20.0,0.525,0.060110575192722955,0.46875,0.625,0.001343440031632781,0.0002158212146469676,0.0011234000558033586,0.001690200064331293,0.009733100002631546,0.0007790269468496889,0.008738300064578652,0.010751000023446977,29.8,1.9235384061671346,28.0,33.0,43.8,1.9235384061671346,42.0,47.0,393.0,42.23742416388575,339.0,453.0,481.4,46.75788703523717,421.0,550.0,202.4,23.03909720453473,174.0,236.0,279.0,23.98958107179031,247.0,314.0,13.17125093297507,0.86021894641717,12.107142857142858,13.89655172413793,10.975314286571091,0.6833881459808762,10.023809523809524,11.702127659574469
signal_length,dense,8,4,3,7,128,1,32.0,0.0,32.0,32.0,1.0,0.0,1.0,1.0,0.001976400031708181,0.0,0.001976400031708181,0.001976400031708181,0.00915489997714758,0.0,0.00915489997714758,0.00915489997714758,45.0,0.0,45.0,45.0,59.0,0.0,59.0,59.0,839.0,0.0,839.0,839.0,971.0,0.0,971.0,971.0,442.0,0.0,442.0,442.0,529.0,0.0,529.0,529.0,18.644444444444446,0.0,18.644444444444446,18.644444444444446,16.45762711864407,0.0,16.45762711864407,16.45762711864407
signal_length,sparse,16,4,4,8,256,1,16.0,0.0,16.0,16.0,0.25,0.0,0.25,0.25,0.0014734999276697636,0.0,0.0014734999276697636,0.0014734999276697636,0.008970699971541762,0.0,0.008970699971541762,0.008970699971541762,44.0,0.0,44.0,44.0,84.0,0.0,84.0,84.0,977.0,0.0,977.0,977.0,1180.0,0.0,1180.0,1180.0,392.0,0.0,392.0,392.0,788.0,0.0,788.0,788.0,22.204545454545453,0.0,22.204545454545453,22.204545454545453,14.047619047619047,0.0,14.047619047619047,14.047619047619047
signal_length,random,16,4,4,8,256,5,34.6,5.319774431308154,27.0,41.0,0.540625,0.08312147548918991,0.421875,0.640625,0.0026611799839884043,0.0005697748841479604,0.002154799993149936,0.0036046999739483,0.019408100028522314,0.0018756453498920576,0.017954700044356287,0.022497600060887635,62.6,5.319774431308154,55.0,69.0,102.6,5.319774431308154,95.0,109.0,2029.8,338.6660597107422,1595.0,2474.0,2418.0,392.8199333027793,1911.0,2924.0,834.8,139.74691409830845,656.0,1014.0,1583.2,253.09622675970496,1255.0,1910.0,32.24482859531773,2.7295758980921523,29.0,35.85507246376812,23.459138000258232,2.6428231655942693,20.11578947368421,26.825688073394495
signal_length,dense,16,4,4,8,256,1,64.0,0.0,64.0,64.0,1.0,0.0,1.0,1.0,0.004211400053463876,0.0,0.004211400053463876,0.004211400053463876,0.017763800104148686,0.0,0.017763800104148686,0.017763800104148686,92.0,0.0,92.0,92.0,132.0,0.0,132.0,132.0,4096.0,0.0,4096.0,4096.0,4756.0,0.0,4756.0,4756.0,1640.0,0.0,1640.0,1640.0,3116.0,0.0,3116.0,3116.0,44.52173913043478,0.0,44.52173913043478,44.52173913043478,36.03030303030303,0.0,36.03030303030303,36.03030303030303
signal_length,sparse,32,4,5,9,512,1,32.0,0.0,32.0,32.0,0.25,0.0,0.25,0.25,0.0034806999610736966,0.0,0.0034806999610736966,0.0034806999610736966,0.017390499939210713,0.0,0.017390499939210713,0.017390499939210713,91.0,0.0,91.0,91.0,197.0,0.0,197.0,197.0,2711.0,0.0,2711.0,2711.0,3203.0,0.0,3203.0,3203.0,1058.0,0.0,1058.0,1058.0,2145.0,0.0,2145.0,2145.0,29.791208791208792,0.0,29.791208791208792,29.791208791208792,16.258883248730964,0.0,16.258883248730964,16.258883248730964
signal_length,random,32,4,5,9,512,5,67.4,4.09878030638384,62.0,71.0,0.5265625,0.03202172114362375,0.484375,0.5546875,0.005157939973287284,0.0005505490601510493,0.004544800030998886,0.005869099986739457,0.03628293997608125,0.013186658483203394,0.019114900031127036,0.048038699897006154,126.4,4.09878030638384,121.0,130.0,232.4,4.09878030638384,227.0,236.0,5759.0,387.4545134593221,5319.0,6148.0,6596.6,426.9101779063132,6119.0,7055.0,2228.4,148.80456982230083,2062.0,2384.0,4368.2,278.204421244523,4057.0,4671.0,45.52280996783858,1.6913034390641273,43.24390243902439,47.292307692307695,28.366761272179062,1.3680778379420158,26.72052401746725,29.89406779661017
signal_length,dense,32,4,5,9,512,1,128.0,0.0,128.0,128.0,1.0,0.0,1.0,1.0,0.008881399990059435,0.0,0.008881399990059435,0.008881399990059435,0.04971960000693798,0.0,0.04971960000693798,0.04971960000693798,187.0,0.0,187.0,187.0,293.0,0.0,293.0,293.0,11110.0,0.0,11110.0,11110.0,12779.0,0.0,12779.0,12779.0,4322.0,0.0,4322.0,4322.0,8457.0,0.0,8457.0,8457.0,59.411764705882355,0.0,59.411764705882355,59.411764705882355,43.61433447098976,0.0,43.61433447098976,43.61433447098976
amplitude_resolution,sparse,8,2,3,5,32,1,8.0,0.0,8.0,8.0,0.5,0.0,0.5,0.5,0.0009136999724432826,0.0,0.0009136999724432826,0.0009136999724432826,0.007257199962623417,0.0,0.007257199962623417,0.007257199962623417,21.0,0.0,21.0,21.0,35.0,0.0,35.0,35.0,218.0,0.0,218.0,218.0,263.0,0.0,263.0,263.0,110.0,0.0,110.0,110.0,153.0,0.0,153.0,153.0,10.380952380952381,0.0,10.380952380952381,10.380952380952381,7.514285714285714,0.0,7.514285714285714,7.514285714285714
amplitude_resolution,random,8,2,3,5,32,5,8.0,2.23606797749979,5.0,11.0,0.5,0.13975424859373686,0.3125,0.6875,0.0010700799757614732,0.0004070690320404409,0.0007470999844372272,0.0017761000199243426,0.00893578005488962,0.004984430818543634,0.00626140006352216,0.017809900105930865,21.0,2.23606797749979,18.0,24.0,35.0,2.23606797749979,32.0,38.0,209.8,60.50371889396552,128.0,291.0,257.0,66.18912297349165,168.0,346.0,104.8,32.66802718255267,60.0,148.0,152.2,33.55890343858095,108.0,198.0,9.832720057720058,1.8634691337463096,7.111111111111111,12.125,7.2696894196275,1.4341375952166677,5.25,9.105263157894736
amplitude_resolution,dense,8,2,3,5,32,1,16.0,0.0,16.0,16.0,1.0,0.0,1.0,1.0,0.0017631000373512506,0.0,0.0017631000373512506,0.0017631000373512506,0.010844499920494854,0.0,0.010844499920494854,0.010844499920494854,29.0,0.0,29.0,29.0,43.0,0.0,43.0,43.0,427.0,0.0,427.0,427.0,495.0,0.0,495.0,495.0,222.0,0.0,222.0,222.0,273.0,0.0,273.0,273.0,14.724137931034482,0.0,14.724137931034482,14.724137931034482,11.511627906976743,0.0,11.511627906976743,11.511627906976743
amplitude_resolution,sparse,8,3,3,6,64,1,8.0,0.0,8.0,8.0,0.3333333333333333,0.0,0.3333333333333333,0.3333333333333333,0.0008728998946025968,0.0,0.0008728998946025968,0.0008728998946025968,0.0068610000889748335,0.0,0.0068610000889748335,0.0068610000889748335,21.0,0.0,21.0,21.0,35.0,0.0,35.0,35.0,216.0,0.0,216.0,216.0,269.0,0.0,269.0,269.0,108.0,0.0,108.0,108.0,161.0,0.0,161.0,161.0,10.285714285714286,0.0,10.285714285714286,10.285714285714286,7.685714285714286,0.0,7.685714285714286,7.685714285714286
amplitude_resolution,random,8,3,3,6,64,5,14.6,2.9664793948382653,10.0,18.0,0.6083333333333334,0.12360330811826103,0.4166666666666667,0.75,0.0016732600051909685,0.0005943491179907196,0.0009129999671131372,0.002427200088277459,0.009995039994828403,0.0019200607725462363,0.008231400046497583,0.012379500083625317,27.6,2.9664793948382653,23.0,31.0,41.6,2.9664793948382653,37.0,45.0,377.0,81.28037893612455,252.0,477.0,448.8,90.6901317674641,308.0,559.0,195.2,42.67551991481768,130.0,248.0,253.6,48.065580200388716,178.0,311.0,13.526386537913838,1.6273305085849936,10.956521739130435,15.387096774193548,10.70583363202762,1.4931627975429527,8.324324324324325,12.422222222222222
amplitude_resolution,dense,8,3,3,6,64,1,24.0,0.0,24.0,24.0,1.0,0.0,1.0,1.0,0.001799000077880919,0.0,0.001799000077880919,0.001799000077880919,0.00956550007686019,0.0,0.00956550007686019,0.00956550007686019,37.0,0.0,37.0,37.0,51.0,0.0,51.0,51.0,633.0,0.0,633.0,633.0,733.0,0.0,733.0,733.0,332.0,0.0,332.0,332.0,401.0,0.0,401.0,401.0,17.10810810810811,0.0,17.10810810810811,17.10810810810811,14.372549019607844,0.0,14.372549019607844,14.372549019607844
amplitude_resolution,sparse,8,4,3,7,128,1,8.0,0.0,8.0,8.0,0.25,0.0,0.25,0.25,0.0008258000016212463,0.0,0.0008258000016212463,0.0008258000016212463,0.011180600035004318,0.0,0.011180600035004318,0.011180600035004318,21.0,0.0,21.0,21.0,35.0,0.0,35.0,35.0,213.0,0.0,213.0,213.0,275.0,0.0,275.0,275.0,106.0,0.0,106.0,106.0,169.0,0.0,169.0,169.0,10.142857142857142,0.0,10.142857142857142,10.142857142857142,7.857142857142857,0.0,7.857142857142857,7.857142857142857
amplitude_resolution,random,8,4,3,7,128,5,16.8,1.9235384061671346,15.0,20.0,0.525,0.060110575192722955,0.46875,0.625,0.0016440000152215361,0.0005706279395523444,0.001202200073748827,0.002641799976117909,0.012394000007770956,0.003823203160485118,0.00906599999871105,0.017679000040516257,29.8,1.9235384061671346,28.0,33.0,43.8,1.9235384061671346,42.0,47.0,393.0,42.23742416388575,339.0,453.0,481.4,46.75788703523717,421.0,550.0,202.4,23.03909720453473,174.0,236.0,279.0,23.98958107179031,247.0,314.0,13.17125093297507,0.86021894641717,12.107142857142858,13.89655172413793,10.975314286571091,0.6833881459808762,10.023809523809524,11.702127659574469
amplitude_resolution,dense,8,4,3,7,128,1,32.0,0.0,32.0,32.0,1.0,0.0,1.0,1.0,0.002285800059325993,0.0,0.002285800059325993,0.002285800059325993,0.009131499915383756,0.0,0.009131499915383756,0.009131499915383756,45.0,0.0,45.0,45.0,59.0,0.0,59.0,59.0,839.0,0.0,839.0,839.0,971.0,0.0,971.0,971.0,442.0,0.0,442.0,442.0,529.0,0.0,529.0,529.0,18.644444444444446,0.0,18.644444444444446,18.644444444444446,16.45762711864407,0.0,16.45762711864407,16.45762711864407
amplitude_resolution,sparse,8,5,3,8,256,1,8.0,0.0,8.0,8.0,0.2,0.0,0.2,0.2,0.0008552001090720296,0.0,0.0008552001090720296,0.0008552001090720296,0.006645399960689247,0.0,0.006645399960689247,0.006645399960689247,21.0,0.0,21.0,21.0,35.0,0.0,35.0,35.0,211.0,0.0,211.0,211.0,281.0,0.0,281.0,281.0,104.0,0.0,104.0,104.0,177.0,0.0,177.0,177.0,10.047619047619047,0.0,10.047619047619047,10.047619047619047,8.028571428571428,0.0,8.028571428571428,8.028571428571428
amplitude_resolution,random,8,5,3,8,256,5,21.4,3.0495901363953815,18.0,25.0,0.535,0.07623975340988452,0.45,0.625,0.0016010000137612224,0.00018392583280135976,0.001384100061841309,0.001812300062738359,0.009955319995060562,0.0007903035532405233,0.009090500068850815,0.010825999896042049,34.4,3.0495901363953815,31.0,38.0,48.4,3.0495901363953815,45.0,52.0,490.0,55.90169943749474,406.0,535.0,598.4,67.10663156499513,498.0,656.0,255.6,29.644561052577586,212.0,282.0,342.8,37.49266594948937,286.0,374.0,14.230921339420915,0.85759136345188,13.096774193548388,15.5,12.339756377467374,0.8154135029784104,11.066666666666666,13.291666666666666
amplitude_resolution,dense,8,5,3,8,256,1,40.0,0.0,40.0,40.0,1.0,0.0,1.0,1.0,0.002567299990914762,0.0,0.002567299990914762,0.002567299990914762,0.009981099981814623,0.0,0.009981099981814623,0.009981099981814623,53.0,0.0,53.0,53.0,67.0,0.0,67.0,67.0,1045.0,0.0,1045.0,1045.0,1209.0,0.0,1209.0,1209.0,552.0,0.0,552.0,552.0,657.0,0.0,657.0,657.0,19.71698113207547,0.0,19.71698113207547,19.71698113207547,18.044776119402986,0.0,18.044776119402986,18.044776119402986
amplitude_resolution,sparse,8,6,3,9,512,1,8.0,0.0,8.0,8.0,0.16666666666666666,0.0,0.16666666666666666,0.16666666666666666,0.0008843999821692705,0.0,0.0008843999821692705,0.0008843999821692705,0.00778290000744164,0.0,0.00778290000744164,0.00778290000744164,21.0,0.0,21.0,21.0,35.0,0.0,35.0,35.0,208.0,0.0,208.0,208.0,287.0,0.0,287.0,287.0,102.0,0.0,102.0,102.0,185.0,0.0,185.0,185.0,9.904761904761905,0.0,9.904761904761905,9.904761904761905,8.2,0.0,8.2,8.2
amplitude_resolution,random,8,6,3,9,512,5,24.8,1.6431676725154984,23.0,27.0,0.5166666666666666,0.03423265984407287,0.4791666666666667,0.5625,0.001835180027410388,9.757045966518996e-05,0.0017191000515595078,0.0019884000066667795,0.011882420000620186,0.0013566447213539882,0.010844100033864379,0.014181700069457293,37.8,1.6431676725154984,36.0,40.0,51.8,1.6431676725154984,50.0,54.0,512.2,70.12631460443362,405.0,592.0,635.8,71.83801222194278,527.0,718.0,269.6,36.99729719857925,214.0,314.0,366.2,34.938517427046044,313.0,404.0,13.53914067914068,1.66104259723076,10.945945945945946,15.166666666666666,12.265928885600362,1.237406462194654,10.333333333333334,13.38
amplitude_resolution,dense,8,6,3,9,512,1,48.0,0.0,48.0,48.0,1.0,0.0,1.0,1.0,0.003393299994058907,0.0,0.003393299994058907,0.003393299994058907,0.012153799994848669,0.0,0.012153799994848669,0.012153799994848669,61.0,0.0,61.0,61.0,75.0,0.0,75.0,75.0,1251.0,0.0,1251.0,1251.0,1447.0,0.0,1447.0,1447.0,662.0,0.0,662.0,662.0,785.0,0.0,785.0,785.0,20.508196721311474,0.0,20.508196721311474,20.508196721311474,19.293333333333333,0.0,19.293333333333333,19.293333333333333
amplitude_resolution,sparse,8,7,3,10,1024,1,8.0,0.0,8.0,8.0,0.14285714285714285,0.0,0.14285714285714285,0.14285714285714285,0.0008486000588163733,0.0,0.0008486000588163733,0.0008486000588163733,0.006671199924312532,0.0,0.006671199924312532,0.006671199924312532,21.0,0.0,21.0,21.0,35.0,0.0,35.0,35.0,206.0,0.0,206.0,206.0,293.0,0.0,293.0,293.0,100.0,0.0,100.0,100.0,193.0,0.0,193.0,193.0,9.80952380952381,0.0,9.80952380952381,9.80952380952381,8.371428571428572,0.0,8.371428571428572,8.371428571428572
amplitude_resolution,random,8,7,3,10,1024,5,25.0,3.391164991562634,20.0,29.0,0.44642857142857145,0.060556517706475625,0.35714285714285715,0.5178571428571429,0.001783359982073307,0.00020624051884733153,0.0014616999542340636,0.0019851999823004007,0.01290488000959158,0.001651620764491143,0.010505200014449656,0.014575099921785295,38.0,3.391164991562634,33.0,42.0,52.0,3.391164991562634,47.0,56.0,516.4,101.20918930610995,375.0,644.0,645.0,108.02777420645118,487.0,781.0,272.8,53.82564444574724,198.0,342.0,372.2,54.56372421307035,289.0,439.0,13.522494935126515,1.8903041431525764,11.363636363636363,15.333333333333334,12.353456205177107,1.4984058169981957,10.361702127659575,13.946428571428571
amplitude_resolution,dense,8,7,3,10,1024,1,56.0,0.0,56.0,56.0,1.0,0.0,1.0,1.0,0.004123399965465069,0.0,0.004123399965465069,0.004123399965465069,0.013456800021231174,0.0,0.013456800021231174,0.013456800021231174,69.0,0.0,69.0,69.0,83.0,0.0,83.0,83.0,1457.0,0.0,1457.0,1457.0,1685.0,0.0,1685.0,1685.0,772.0,0.0,772.0,772.0,913.0,0.0,913.0,913.0,21.115942028985508,0.0,21.115942028985508,21.115942028985508,20.301204819277107,0.0,20.301204819277107,20.301204819277107
amplitude_resolution,sparse,8,8,3,11,2048,1,8.0,0.0,8.0,8.0,0.125,0.0,0.125,0.125,0.0008625999325886369,0.0,0.0008625999325886369,0.0008625999325886369,0.006999399978667498,0.0,0.006999399978667498,0.006999399978667498,21.0,0.0,21.0,21.0,35.0,0.0,35.0,35.0,203.0,0.0,203.0,203.0,299.0,0.0,299.0,299.0,98.0,0.0,98.0,98.0,201.0,0.0,201.0,201.0,9.666666666666666,0.0,9.666666666666666,9.666666666666666,8.542857142857143,0.0,8.542857142857143,8.542857142857143
amplitude_resolution,random,8,8,3,11,2048,5,30.4,6.767569726275452,19.0,36.0,0.475,0.10574327697305394,0.296875,0.5625,0.002190020005218685,0.0005046022042218344,0.001400599954649806,0.002791699953377247,0.012631340022198855,0.0013628263988139902,0.010559200076386333,0.01425729994662106,43.4,6.767569726275452,32.0,49.0,57.4,6.767569726275452,46.0,63.0,646.6,140.17596084921266,416.0,763.0,800.8,158.08605251571058,543.0,942.0,341.2,77.60927779589242,212.0,402.0,459.6,80.86284684575482,331.0,540.0,14.766179653679654,1.1205401550602851,13.0,15.645833333333334,13.834438080498922,1.2701937684775528,11.804347826086957,14.952380952380953
amplitude_resolution,dense,8,8,3,11,2048,1,64.0,0.0,64.0,64.0,1.0,0.0,1.0,1.0,0.0036699000047519803,0.0,0.0036699000047519803,0.0036699000047519803,0.01375380007084459,0.0,0.01375380007084459,0.01375380007084459,77.0,0.0,77.0,77.0,91.0,0.0,91.0,91.0,1663.0,0.0,1663.0,1663.0,1923.0,0.0,1923.0,1923.0,882.0,0.0,882.0,882.0,1041.0,0.0,1041.0,1041.0,21.5974025974026,0.0,21.5974025974026,21.5974025974026,21.13186813186813,0.0,21.13186813186813,21.13186813186813
