profile,num_samples,amplitude_bits,time_bits,total_qubits,state_space_dimension,seed,seed_transpiler,optimization_level,basis_gates,timing_repeats,sample_min,sample_max,sample_mean,sample_hamming_weight,sample_bit_density,build_seconds,transpile_seconds,transpile_seconds_min,transpile_seconds_max,raw_depth,raw_size,raw_operations,transpiled_depth,transpiled_size,transpiled_operations,transpiled_cx_count,transpiled_single_qubit_count,depth_overhead_ratio,size_overhead_ratio,study
sparse,2,4,1,5,32,42,42,1,"[""rz"", ""sx"", ""x"", ""cx""]",3,1,2,1.5,2,0.25,0.0001498999772593379,0.005824599997140467,0.004050099989399314,0.012681699940003455,5,5,"{""cx"": 2, ""h"": 1, ""x"": 2}",6,6,"{""cx"": 2, ""rz"": 2, ""sx"": 1, ""x"": 1}",2,4,1.2,1.2,signal_length
random,2,4,1,5,32,42,42,1,"[""rz"", ""sx"", ""x"", ""cx""]",3,2,14,8.0,4,0.5,0.00018229999113827944,0.006419399986043572,0.005937199923209846,0.007342100027017295,7,7,"{""cx"": 4, ""h"": 1, ""x"": 2}",8,8,"{""cx"": 4, ""rz"": 2, ""sx"": 1, ""x"": 1}",4,4,1.1428571428571428,1.1428571428571428,signal_length
random,2,4,1,5,32,52,42,1,"[""rz"", ""sx"", ""x"", ""cx""]",3,1,9,5.0,3,0.375,0.00012199999764561653,0.005125700030475855,0.0044290999649092555,0.006866100011393428,6,6,"{""cx"": 3, ""h"": 1, ""x"": 2}",7,7,"{""cx"": 3, ""rz"": 2, ""sx"": 1, ""x"": 1}",3,4,1.1666666666666667,1.1666666666666667,signal_length
random,2,4,1,5,32,62,42,1,"[""rz"", ""sx"", ""x"", ""cx""]",3,0,8,4.0,1,0.125,0.00016250007320195436,0.007495099911466241,0.003339200047776103,0.00864349992480129,4,4,"{""cx"": 1, ""h"": 1, ""x"": 2}",4,4,"{""cx"": 1, ""rz"": 2, ""sx"": 1}",1,3,1.0,1.0,signal_length
random,2,4,1,5,32,72,42,1,"[""rz"", ""sx"", ""x"", ""cx""]",3,3,10,6.5,4,0.5,0.00014979997649788857,0.009848100016824901,0.005551500013098121,0.011174799990840256,7,7,"{""cx"": 4, ""h"": 1, ""x"": 2}",8,8,"{""cx"": 4, ""rz"": 2, ""sx"": 1, ""x"": 1}",4,4,1.1428571428571428,1.1428571428571428,signal_length
random,2,4,1,5,32,82,42,1,"[""rz"", ""sx"", ""x"", ""cx""]",3,1,10,5.5,3,0.375,0.00016389996744692326,0.005065999925136566,0.004573200014419854,0.0085753999883309,6,6,"{""cx"": 3, ""h"": 1, ""x"": 2}",7,7,"{""cx"": 3, ""rz"": 2, ""sx"": 1, ""x"": 1}",3,4,1.1666666666666667,1.1666666666666667,signal_length
dense,2,4,1,5,32,42,42,1,"[""rz"", ""sx"", ""x"", ""cx""]",3,15,15,15.0,8,1.0,0.0002354000462219119,0.00626409996766597,0.004032099968753755,0.008828100049868226,11,11,"{""cx"": 8, ""h"": 1, ""x"": 2}",12,12,"{""cx"": 8, ""rz"": 2, ""sx"": 1, ""x"": 1}",8,4,1.0909090909090908,1.0909090909090908,signal_length
sparse,4,4,2,6,64,42,42,1,"[""rz"", ""sx"", ""x"", ""cx""]",3,1,8,3.75,4,0.25,0.0004474000306800008,0.0060489000752568245,0.005305500002577901,0.010123000014573336,10,14,"{""ccx"": 4, ""h"": 2, ""x"": 8}",44,82,"{""cx"": 24, ""rz"": 44, ""sx"": 10, ""x"": 4}",24,58,4.4,5.857142857142857,signal_length
random,4,4,2,6,64,42,42,1,"[""rz"", ""sx"", ""x"", ""cx""]",3,3,14,7.0,9,0.5625,0.00042810000013560057,0.003973899991251528,0.0039227999513968825,0.005041699972935021,15,19,"{""ccx"": 9, ""h"": 2, ""x"": 8}",94,147,"{""cx"": 54, ""rz"": 79, ""sx"": 10, ""x"": 4}",54,93,6.266666666666667,7.7368421052631575,signal_length
random,4,4,2,6,64,52,42,1,"[""rz"", ""sx"", ""x"", ""cx""]",3,6,15,11.5,12,0.75,0.000674000009894371,0.005524800042621791,0.00530409999191761,0.0056730000069364905,18,22,"{""ccx"": 12, ""h"": 2, ""x"": 8}",124,186,"{""cx"": 72, ""rz"": 100, ""sx"": 10, ""x"": 4}",72,114,6.888888888888889,8.454545454545455,signal_length
random,4,4,2,6,64,62,42,1,"[""rz"", ""sx"", ""x"", ""cx""]",3,0,9,4.5,6,0.375,0.00036609999369829893,0.004458900075405836,0.004344400018453598,0.005609199986793101,12,16,"{""ccx"": 6, ""h"": 2, ""x"": 8}",65,108,"{""cx"": 36, ""rz"": 58, ""sx"": 10, ""x"": 4}",36,72,5.416666666666667,6.75,signal_length
random,4,4,2,6,64,72,42,1,"[""rz"", ""sx"", ""x"", ""cx""]",3,0,10,5.25,6,0.375,0.00034090003464370966,0.004186099977232516,0.003999400069005787,0.004421999910846353,12,16,"{""ccx"": 6, ""h"": 2, ""x"": 8}",65,108,"{""cx"": 36, ""rz"": 58, ""sx"": 10, ""x"": 4}",36,72,5.416666666666667,6.75,signal_length
random,4,4,2,6,64,82,42,1,"[""rz"", ""sx"", ""x"", ""cx""]",3,0,15,7.25,8,0.5,0.0006335999350994825,0.004129100008867681,0.003961200010962784,0.005124500021338463,14,18,"{""ccx"": 8, ""h"": 2, ""x"": 8}",84,132,"{""cx"": 48, ""rz"": 72, ""sx"": 10, ""x"": 2}",48,84,6.0,7.333333333333333,signal_length
dense,4,4,2,6,64,42,42,1,"[""rz"", ""sx"", ""x"", ""cx""]",3,15,15,15.0,16,1.0,0.0006240000948309898,0.004325600108131766,0.004154799971729517,0.005237699951976538,22,26,"{""ccx"": 16, ""h"": 2, ""x"": 8}",164,238,"{""cx"": 96, ""rz"": 128, ""sx"": 10, ""x"": 4}",96,142,7.454545454545454,9.153846153846153,signal_length
sparse,8,4,3,7,128,42,42,1,"[""rz"", ""sx"", ""x"", ""cx""]",3,1,8,3.75,8,0.25,0.0010697999969124794,0.006408900022506714,0.006040899897925556,0.006820300011895597,21,35,"{""h"": 3, ""mcx"": 8, ""x"": 24}",213,275,"{""cx"": 106, ""rz"": 141, ""sx"": 17, ""x"": 11}",106,169,10.142857142857142,7.857142857142857,signal_length
random,8,4,3,7,128,42,42,1,"[""rz"", ""sx"", ""x"", ""cx""]",3,5,15,10.375,20,0.625,0.0013916000025346875,0.010751000023446977,0.009237500024028122,0.014910500030964613,33,47,"{""h"": 3, ""mcx"": 20, ""x"": 24}",453,550,"{""cx"": 236, ""rz"": 284, ""sx"": 19, ""x"": 11}",236,314,13.727272727272727,11.702127659574469,signal_length
random,8,4,3,7,128,52,42,1,"[""rz"", ""sx"", ""x"", ""cx""]",3,1,14,7.125,17,0.53125,0.001690200064331293,0.01004830002784729,0.009724700008518994,0.010908499942161143,30,44,"{""h"": 3, ""mcx"": 17, ""x"": 24}",371,463,"{""cx"": 190, ""rz"": 239, ""sx"": 23, ""x"": 11}",190,273,12.366666666666667,10.522727272727273,signal_length
random,8,4,3,7,128,62,42,1,"[""rz"", ""sx"", ""x"", ""cx""]",3,2,13,7.0,15,0.46875,0.0011234000558033586,0.008738300064578652,0.008644599933177233,0.009649400017224252,28,42,"{""h"": 3, ""mcx"": 15, ""x"": 24}",339,421,"{""cx"": 174, ""rz"": 217, ""sx"": 19, ""x"": 11}",174,247,12.107142857142858,10.023809523809524,signal_length
random,8,4,3,7,128,72,42,1,"[""rz"", ""sx"", ""x"", ""cx""]",3,1,13,5.0,16,0.5,0.0012512999819591641,0.009914099937304854,0.008621699991635978,0.011213900055736303,29,43,"{""h"": 3, ""mcx"": 16, ""x"": 24}",399,487,"{""cx"": 204, ""rz"": 251, ""sx"": 21, ""x"": 11}",204,283,13.758620689655173,11.325581395348838,signal_length
random,8,4,3,7,128,82,42,1,"[""rz"", ""sx"", ""x"", ""cx""]",3,1,14,6.25,16,0.5,0.0012607000535354018,0.009213799959979951,0.009002999984659255,0.009614399983547628,29,43,"{""h"": 3, ""mcx"": 16, ""x"": 24}",403,486,"{""cx"": 208, ""rz"": 250, ""sx"": 17, ""x"": 11}",208,278,13.89655172413793,11.30232558139535,signal_length
dense,8,4,3,7,128,42,42,1,"[""rz"", ""sx"", ""x"", ""cx""]",3,15,15,15.0,32,1.0,0.001976400031708181,0.00915489997714758,0.0083769999910146,0.009284000028856099,45,59,"{""h"": 3, ""mcx"": 32, ""x"": 24}",839,971,"{""cx"": 442, ""rz"": 501, ""sx"": 17, ""x"": 11}",442,529,18.644444444444446,16.45762711864407,signal_length
sparse,16,4,4,8,256,42,42,1,"[""rz"", ""sx"", ""x"", ""cx""]",3,1,8,3.75,16,0.25,0.0014734999276697636,0.008970699971541762,0.008898000000044703,0.009055500035174191,44,84,"{""h"": 4, ""mcx"": 16, ""x"": 64}",977,1180,"{""cx"": 392, ""rz"": 616, ""sx"": 146, ""x"": 26}",392,788,22.204545454545453,14.047619047619047,signal_length
random,16,4,4,8,256,42,42,1,"[""rz"", ""sx"", ""x"", ""cx""]",3,1,15,7.4375,32,0.5,0.002278400002978742,0.018593200016766787,0.017792799975723028,0.018697099993005395,60,100,"{""h"": 4, ""mcx"": 32, ""x"": 64}",1807,2155,"{""cx"": 738, ""rz"": 1133, ""sx"": 258, ""x"": 26}",738,1417,30.116666666666667,21.55,signal_length
random,16,4,4,8,256,52,42,1,"[""rz"", ""sx"", ""x"", ""cx""]",3,0,14,7.5625,27,0.421875,0.002154799993149936,0.01815679995343089,0.017915799980983138,0.02023720007855445,55,95,"{""h"": 4, ""mcx"": 27, ""x"": 64}",1595,1911,"{""cx"": 656, ""rz"": 1003, ""sx"": 228, ""x"": 24}",656,1255,29.0,20.11578947368421,signal_length
random,16,4,4,8,256,62,42,1,"[""rz"", ""sx"", ""x"", ""cx""]",3,0,15,9.3125,37,0.578125,0.0026783000212162733,0.019838200067169964,0.018928200006484985,0.02138399996329099,65,105,"{""h"": 4, ""mcx"": 37, ""x"": 64}",2135,2558,"{""cx"": 886, ""rz"": 1346, ""sx"": 302, ""x"": 24}",886,1672,32.84615384615385,24.36190476190476,signal_length
random,16,4,4,8,256,72,42,1,"[""rz"", ""sx"", ""x"", ""cx""]",3,4,15,11.125,41,0.640625,0.0036046999739483,0.022497600060887635,0.02116769994609058,0.022982400027103722,69,109,"{""h"": 4, ""mcx"": 41, ""x"": 64}",2474,2924,"{""cx"": 1014, ""rz"": 1538, ""sx"": 346, ""x"": 26}",1014,1910,35.85507246376812,26.825688073394495,signal_length
random,16,4,4,8,256,82,42,1,"[""rz"", ""sx"", ""x"", ""cx""]",3,2,14,8.5625,36,0.5625,0.00258969992864877,0.017954700044356287,0.017422799952328205,0.018206899985671043,64,104,"{""h"": 4, ""mcx"": 36, ""x"": 64}",2138,2542,"{""cx"": 880, ""rz"": 1336, ""sx"": 300, ""x"": 26}",880,1662,33.40625,24.442307692307693,signal_length
dense,16,4,4,8,256,42,42,1,"[""rz"", ""sx"", ""x"", ""cx""]",3,15,15,15.0,64,1.0,0.004211400053463876,0.017763800104148686,0.016763499937951565,0.0719696000451222,92,132,"{""h"": 4, ""mcx"": 64, ""x"": 64}",4096,4756,"{""cx"": 1640, ""rz"": 2512, ""sx"": 578, ""x"": 26}",1640,3116,44.52173913043478,36.03030303030303,signal_length
sparse,32,4,5,9,512,42,42,1,"[""rz"", ""sx"", ""x"", ""cx""]",3,1,8,3.75,32,0.25,0.0034806999610736966,0.017390499939210713,0.012896500062197447,0.019153599976561964,91,197,"{""h"": 5, ""mcx"": 32, ""x"": 160}",2711,3203,"{""cx"": 1058, ""rz"": 1655, ""sx"": 433, ""x"": 57}",1058,2145,29.791208791208792,16.258883248730964,signal_length
random,32,4,5,9,512,42,42,1,"[""rz"", ""sx"", ""x"", ""cx""]",3,0,15,8.65625,70,0.546875,0.0055859999265521765,0.048038699897006154,0.04253710003104061,0.05242840002756566,129,235,"{""h"": 5, ""mcx"": 70, ""x"": 160}",5918,6741,"{""cx"": 2286, ""rz"": 3505, ""sx"": 895, ""x"": 55}",2286,4455,45.87596899224806,28.685106382978724,signal_length
random,32,4,5,9,512,52,42,1,"[""rz"", ""sx"", ""x"", ""cx""]",3,0,15,7.0625,62,0.484375,0.005869099986739457,0.019114900031127036,0.01810059999115765,0.0202298000222072,121,227,"{""h"": 5, ""mcx"": 62, ""x"": 160}",5370,6172,"{""cx"": 2078, ""rz"": 3212, ""sx"": 831, ""x"": 51}",2078,4094,44.3801652892562,27.18942731277533,signal_length
random,32,4,5,9,512,62,42,1,"[""rz"", ""sx"", ""x"", ""cx""]",3,0,15,9.09375,71,0.5546875,0.004962399951182306,0.02542870002798736,0.023649100097827613,0.027201499906368554,130,236,"{""h"": 5, ""mcx"": 71, ""x"": 160}",6148,7055,"{""cx"": 2384, ""rz"": 3671, ""sx"": 945, ""x"": 55}",2384,4671,47.292307692307695,29.89406779661017,signal_length
random,32,4,5,9,512,72,42,1,"[""rz"", ""sx"", ""x"", ""cx""]",3,0,15,6.9375,64,0.5,0.004544800030998886,0.04191639996133745,0.04035589995328337,0.043493399978615344,123,229,"{""h"": 5, ""mcx"": 64, ""x"": 160}",5319,6119,"{""cx"": 2062, ""rz"": 3185, ""sx"": 821, ""x"": 51}",2062,4057,43.24390243902439,26.72052401746725,signal_length
random,32,4,5,9,512,82,42,1,"[""rz"", ""sx"", ""x"", ""cx""]",3,0,15,8.53125,70,0.546875,0.004827399970963597,0.04691599996294826,0.046056700055487454,0.0469920999603346,129,235,"{""h"": 5, ""mcx"": 70, ""x"": 160}",6040,6896,"{""cx"": 2332, ""rz"": 3588, ""sx"": 923, ""x"": 53}",2332,4564,46.82170542635659,29.34468085106383,signal_length
dense,32,4,5,9,512,42,42,1,"[""rz"", ""sx"", ""x"", ""cx""]",3,15,15,15.0,128,1.0,0.008881399990059435,0.04971960000693798,0.03435700002592057,0.060104799922555685,187,293,"{""h"": 5, ""mcx"": 128, ""x"": 160}",11110,12779,"{""cx"": 4322, ""rz"": 6671, ""sx"": 1729, ""x"": 57}",4322,8457,59.411764705882355,43.61433447098976,signal_length
sparse,8,2,3,5,32,42,42,1,"[""rz"", ""sx"", ""x"", ""cx""]",3,1,2,1.5,8,0.5,0.0009136999724432826,0.007257199962623417,0.0065728999907150865,0.00842279999051243,21,35,"{""h"": 3, ""mcx"": 8, ""x"": 24}",218,263,"{""cx"": 110, ""rz"": 133, ""sx"": 9, ""x"": 11}",110,153,10.380952380952381,7.514285714285714,amplitude_resolution
random,8,2,3,5,32,42,42,1,"[""rz"", ""sx"", ""x"", ""cx""]",3,0,3,1.375,8,0.5,0.0017761000199243426,0.017809900105930865,0.012039599940180779,0.02116769994609058,21,35,"{""h"": 3, ""mcx"": 8, ""x"": 24}",208,257,"{""cx"": 104, ""rz"": 131, ""sx"": 13, ""x"": 9}",104,153,9.904761904761905,7.3428571428571425,amplitude_resolution
random,8,2,3,5,32,52,42,1,"[""rz"", ""sx"", ""x"", ""cx""]",3,0,3,1.75,9,0.5625,0.0009880999568849802,0.006857900065369904,0.006226000026799738,0.007045899983495474,22,36,"{""h"": 3, ""mcx"": 9, ""x"": 24}",237,286,"{""cx"": 120, ""rz"": 146, ""sx"": 11, ""x"": 9}",120,166,10.772727272727273,7.944444444444445,amplitude_resolution
random,8,2,3,5,32,62,42,1,"[""rz"", ""sx"", ""x"", ""cx""]",3,0,2,1.125,5,0.3125,0.0008563000010326505,0.006298899999819696,0.006021399982273579,0.008479799958877265,18,32,"{""h"": 3, ""mcx"": 5, ""x"": 24}",128,168,"{""cx"": 60, ""rz"": 86, ""sx"": 15, ""x"": 7}",60,108,7.111111111111111,5.25,amplitude_resolution
random,8,2,3,5,32,72,42,1,"[""rz"", ""sx"", ""x"", ""cx""]",3,0,2,1.375,7,0.4375,0.0007470999844372272,0.00626140006352216,0.005995600018650293,0.00955619988963008,20,34,"{""h"": 3, ""mcx"": 7, ""x"": 24}",185,228,"{""cx"": 92, ""rz"": 116, ""sx"": 11, ""x"": 9}",92,136,9.25,6.705882352941177,amplitude_resolution
random,8,2,3,5,32,82,42,1,"[""rz"", ""sx"", ""x"", ""cx""]",3,1,3,2.125,11,0.6875,0.0009827999165281653,0.007450800039805472,0.0067764000268653035,0.019757999922148883,24,38,"{""h"": 3, ""mcx"": 11, ""x"": 24}",291,346,"{""cx"": 148, ""rz"": 176, ""sx"": 11, ""x"": 11}",148,198,12.125,9.105263157894736,amplitude_resolution
dense,8,2,3,5,32,42,42,1,"[""rz"", ""sx"", ""x"", ""cx""]",3,3,3,3.0,16,1.0,0.0017631000373512506,0.010844499920494854,0.007725099916569889,0.01271070004440844,29,43,"{""h"": 3, ""mcx"": 16, ""x"": 24}",427,495,"{""cx"": 222, ""rz"": 253, ""sx"": 9, ""x"": 11}",222,273,14.724137931034482,11.511627906976743,amplitude_resolution
sparse,8,3,3,6,64,42,42,1,"[""rz"", ""sx"", ""x"", ""cx""]",3,1,4,2.125,8,0.3333333333333333,0.0008728998946025968,0.0068610000889748335,0.006451399996876717,0.007397399982437491,21,35,"{""h"": 3, ""mcx"": 8, ""x"": 24}",216,269,"{""cx"": 108, ""rz"": 137, ""sx"": 13, ""x"": 11}",108,161,10.285714285714286,7.685714285714286,amplitude_resolution
random,8,3,3,6,64,42,42,1,"[""rz"", ""sx"", ""x"", ""cx""]",3,4,7,6.125,18,0.75,0.002055899938568473,0.008231400046497583,0.007411199971102178,0.008847999968566,31,45,"{""h"": 3, ""mcx"": 18, ""x"": 24}",477,559,"{""cx"": 248, ""rz"": 287, ""sx"": 13, ""x"": 11}",248,311,15.387096774193548,12.422222222222222,amplitude_resolution
random,8,3,3,6,64,52,42,1,"[""rz"", ""sx"", ""x"", ""cx""]",3,0,7,5.25,16,0.6666666666666666,0.0013279999839141965,0.008968599955551326,0.008939700084738433,0.009511100011877716,29,43,"{""h"": 3, ""mcx"": 16, ""x"": 24}",391,466,"{""cx"": 204, ""rz"": 240, ""sx"": 13, ""x"": 9}",204,262,13.482758620689655,10.837209302325581,amplitude_resolution
random,8,3,3,6,64,62,42,1,"[""rz"", ""sx"", ""x"", ""cx""]",3,0,5,2.625,10,0.4166666666666667,0.0009129999671131372,0.011749399942345917,0.007793599972501397,0.015294100041501224,23,37,"{""h"": 3, ""mcx"": 10, ""x"": 24}",252,308,"{""cx"": 130, ""rz"": 158, ""sx"": 11, ""x"": 9}",130,178,10.956521739130435,8.324324324324325,amplitude_resolution
random,8,3,3,6,64,72,42,1,"[""rz"", ""sx"", ""x"", ""cx""]",3,2,7,4.5,15,0.625,0.002427200088277459,0.012379500083625317,0.010970600065775216,0.013557900092564523,28,42,"{""h"": 3, ""mcx"": 15, ""x"": 24}",399,472,"{""cx"": 206, ""rz"": 242, ""sx"": 13, ""x"": 11}",206,266,14.25,11.238095238095237,amplitude_resolution
random,8,3,3,6,64,82,42,1,"[""rz"", ""sx"", ""x"", ""cx""]",3,0,7,3.625,14,0.5833333333333334,0.0016422000480815768,0.008646299946121871,0.008065299945883453,0.010233300039544702,27,41,"{""h"": 3, ""mcx"": 14, ""x"": 24}",366,439,"{""cx"": 188, ""rz"": 225, ""sx"": 15, ""x"": 11}",188,251,13.555555555555555,10.707317073170731,amplitude_resolution
dense,8,3,3,6,64,42,42,1,"[""rz"", ""sx"", ""x"", ""cx""]",3,7,7,7.0,24,1.0,0.001799000077880919,0.00956550007686019,0.008785199956037104,0.012147099943831563,37,51,"{""h"": 3, ""mcx"": 24, ""x"": 24}",633,733,"{""cx"": 332, ""rz"": 377, ""sx"": 13, ""x"": 11}",332,401,17.10810810810811,14.372549019607844,amplitude_resolution
sparse,8,4,3,7,128,42,42,1,"[""rz"", ""sx"", ""x"", ""cx""]",3,1,8,3.75,8,0.25,0.0008258000016212463,0.011180600035004318,0.006914099911227822,0.01174759992863983,21,35,"{""h"": 3, ""mcx"": 8, ""x"": 24}",213,275,"{""cx"": 106, ""rz"": 141, ""sx"": 17, ""x"": 11}",106,169,10.142857142857142,7.857142857142857,amplitude_resolution
random,8,4,3,7,128,42,42,1,"[""rz"", ""sx"", ""x"", ""cx""]",3,5,15,10.375,20,0.625,0.002641799976117909,0.01519079995341599,0.012366299983114004,0.02508370007853955,33,47,"{""h"": 3, ""mcx"": 20, ""x"": 24}",453,550,"{""cx"": 236, ""rz"": 284, ""sx"": 19, ""x"": 11}",236,314,13.727272727272727,11.702127659574469,amplitude_resolution
random,8,4,3,7,128,52,42,1,"[""rz"", ""sx"", ""x"", ""cx""]",3,1,14,7.125,17,0.53125,0.0014081000117585063,0.01042900001630187,0.01019940001424402,0.010966899921186268,30,44,"{""h"": 3, ""mcx"": 17, ""x"": 24}",371,463,"{""cx"": 190, ""rz"": 239, ""sx"": 23, ""x"": 11}",190,273,12.366666666666667,10.522727272727273,amplitude_resolution
random,8,4,3,7,128,62,42,1,"[""rz"", ""sx"", ""x"", ""cx""]",3,2,13,7.0,15,0.46875,0.001202200073748827,0.00960520002990961,0.009172899997793138,0.009775000042282045,28,42,"{""h"": 3, ""mcx"": 15, ""x"": 24}",339,421,"{""cx"": 174, ""rz"": 217, ""sx"": 19, ""x"": 11}",174,247,12.107142857142858,10.023809523809524,amplitude_resolution
random,8,4,3,7,128,72,42,1,"[""rz"", ""sx"", ""x"", ""cx""]",3,1,13,5.0,16,0.5,0.0015329000307247043,0.017679000040516257,0.017282400047406554,0.018501100013963878,29,43,"{""h"": 3, ""mcx"": 16, ""x"": 24}",399,487,"{""cx"": 204, ""rz"": 251, ""sx"": 21, ""x"": 11}",204,283,13.758620689655173,11.325581395348838,amplitude_resolution
random,8,4,3,7,128,82,42,1,"[""rz"", ""sx"", ""x"", ""cx""]",3,1,14,6.25,16,0.5,0.0014349999837577343,0.00906599999871105,0.0088943000882864,0.009374499903060496,29,43,"{""h"": 3, ""mcx"": 16, ""x"": 24}",403,486,"{""cx"": 208, ""rz"": 250, ""sx"": 17, ""x"": 11}",208,278,13.89655172413793,11.30232558139535,amplitude_resolution
dense,8,4,3,7,128,42,42,1,"[""rz"", ""sx"", ""x"", ""cx""]",3,15,15,15.0,32,1.0,0.002285800059325993,0.009131499915383756,0.009122700081206858,0.01023060001898557,45,59,"{""h"": 3, ""mcx"": 32, ""x"": 24}",839,971,"{""cx"": 442, ""rz"": 501, ""sx"": 17, ""x"": 11}",442,529,18.644444444444446,16.45762711864407,amplitude_resolution
sparse,8,5,3,8,256,42,42,1,"[""rz"", ""sx"", ""x"", ""cx""]",3,1,16,4.75,8,0.2,0.0008552001090720296,0.006645399960689247,0.0063841999508440495,0.006860499968752265,21,35,"{""h"": 3, ""mcx"": 8, ""x"": 24}",211,281,"{""cx"": 104, ""rz"": 145, ""sx"": 21, ""x"": 11}",104,177,10.047619047619047,8.028571428571428,amplitude_resolution
random,8,5,3,8,256,42,42,1,"[""rz"", ""sx"", ""x"", ""cx""]",3,0,29,16.125,19,0.475,0.0014610999496653676,0.009764600079506636,0.009288999950513244,0.010235999943688512,32,46,"{""h"": 3, ""mcx"": 19, ""x"": 24}",459,561,"{""cx"": 238, ""rz"": 291, ""sx"": 23, ""x"": 9}",238,323,14.34375,12.195652173913043,amplitude_resolution
random,8,5,3,8,256,52,42,1,"[""rz"", ""sx"", ""x"", ""cx""]",3,0,28,18.375,18,0.45,0.001384100061841309,0.009090500068850815,0.008919599931687117,0.010376399965025485,31,45,"{""h"": 3, ""mcx"": 18, ""x"": 24}",406,498,"{""cx"": 212, ""rz"": 258, ""sx"": 19, ""x"": 9}",212,286,13.096774193548388,11.066666666666666,amplitude_resolution
random,8,5,3,8,256,62,42,1,"[""rz"", ""sx"", ""x"", ""cx""]",3,1,29,11.625,21,0.525,0.0015917000127956271,0.009362599928863347,0.009326100000180304,0.009450500016100705,34,48,"{""h"": 3, ""mcx"": 21, ""x"": 24}",527,638,"{""cx"": 272, ""rz"": 330, ""sx"": 25, ""x"": 11}",272,366,15.5,13.291666666666666,amplitude_resolution
random,8,5,3,8,256,72,42,1,"[""rz"", ""sx"", ""x"", ""cx""]",3,0,31,22.25,25,0.625,0.001812300062738359,0.010825999896042049,0.01064530003350228,0.011819700011983514,38,52,"{""h"": 3, ""mcx"": 25, ""x"": 24}",535,656,"{""cx"": 282, ""rz"": 340, ""sx"": 23, ""x"": 11}",282,374,14.078947368421053,12.615384615384615,amplitude_resolution
random,8,5,3,8,256,82,42,1,"[""rz"", ""sx"", ""x"", ""cx""]",3,3,31,18.5,24,0.6,0.001755799981765449,0.010732900002039969,0.010575099964626133,0.01122930005658418,37,51,"{""h"": 3, ""mcx"": 24, ""x"": 24}",523,639,"{""cx"": 274, ""rz"": 331, ""sx"": 23, ""x"": 11}",274,365,14.135135135135135,12.529411764705882,amplitude_resolution
dense,8,5,3,8,256,42,42,1,"[""rz"", ""sx"", ""x"", ""cx""]",3,31,31,31.0,40,1.0,0.002567299990914762,0.009981099981814623,0.009627599967643619,0.011095499969087541,53,67,"{""h"": 3, ""mcx"": 40, ""x"": 24}",1045,1209,"{""cx"": 552, ""rz"": 625, ""sx"": 21, ""x"": 11}",552,657,19.71698113207547,18.044776119402986,amplitude_resolution
sparse,8,6,3,9,512,42,42,1,"[""rz"", ""sx"", ""x"", ""cx""]",3,1,32,8.25,8,0.16666666666666666,0.0008843999821692705,0.00778290000744164,0.006913800025358796,0.008471500012092292,21,35,"{""h"": 3, ""mcx"": 8, ""x"": 24}",208,287,"{""cx"": 102, ""rz"": 149, ""sx"": 25, ""x"": 11}",102,185,9.904761904761905,8.2,amplitude_resolution
random,8,6,3,9,512,42,42,1,"[""rz"", ""sx"", ""x"", ""cx""]",3,2,62,26.375,23,0.4791666666666667,0.0018149999668821692,0.014181700069457293,0.011299799894914031,0.08337320003192872,36,50,"{""h"": 3, ""mcx"": 23, ""x"": 24}",546,669,"{""cx"": 284, ""rz"": 347, ""sx"": 27, ""x"": 11}",284,385,15.166666666666666,13.38,amplitude_resolution
random,8,6,3,9,512,52,42,1,"[""rz"", ""sx"", ""x"", ""cx""]",3,1,61,37.375,24,0.5,0.0017191000515595078,0.011905899969860911,0.01154330000281334,0.012440099962987006,37,51,"{""h"": 3, ""mcx"": 24, ""x"": 24}",405,527,"{""cx"": 214, ""rz"": 275, ""sx"": 27, ""x"": 11}",214,313,10.945945945945946,10.333333333333334,amplitude_resolution
random,8,6,3,9,512,62,42,1,"[""rz"", ""sx"", ""x"", ""cx""]",3,7,62,33.75,27,0.5625,0.0019884000066667795,0.010844100033864379,0.01078020001295954,0.011285700020380318,40,54,"{""h"": 3, ""mcx"": 27, ""x"": 24}",592,718,"{""cx"": 314, ""rz"": 372, ""sx"": 21, ""x"": 11}",314,404,14.8,13.296296296296296,amplitude_resolution
random,8,6,3,9,512,72,42,1,"[""rz"", ""sx"", ""x"", ""cx""]",3,5,62,27.5,26,0.5416666666666666,0.0018437000690028071,0.011533199925906956,0.011069700005464256,0.012122799991630018,39,53,"{""h"": 3, ""mcx"": 26, ""x"": 24}",527,654,"{""cx"": 278, ""rz"": 340, ""sx"": 25, ""x"": 11}",278,376,13.512820512820513,12.339622641509434,amplitude_resolution
random,8,6,3,9,512,82,42,1,"[""rz"", ""sx"", ""x"", ""cx""]",3,5,61,31.5,24,0.5,0.0018097000429406762,0.010947200004011393,0.010539099923335016,0.011664499994367361,37,51,"{""h"": 3, ""mcx"": 24, ""x"": 24}",491,611,"{""cx"": 258, ""rz"": 317, ""sx"": 25, ""x"": 11}",258,353,13.27027027027027,11.980392156862745,amplitude_resolution
dense,8,6,3,9,512,42,42,1,"[""rz"", ""sx"", ""x"", ""cx""]",3,63,63,63.0,48,1.0,0.003393299994058907,0.012153799994848669,0.011304400046356022,0.012699299957603216,61,75,"{""h"": 3, ""mcx"": 48, ""x"": 24}",1251,1447,"{""cx"": 662, ""rz"": 749, ""sx"": 25, ""x"": 11}",662,785,20.508196721311474,19.293333333333333,amplitude_resolution
sparse,8,7,3,10,1024,42,42,1,"[""rz"", ""sx"", ""x"", ""cx""]",3,1,64,16.0,8,0.14285714285714285,0.0008486000588163733,0.006671199924312532,0.006504000048153102,0.00681229995097965,21,35,"{""h"": 3, ""mcx"": 8, ""x"": 24}",206,293,"{""cx"": 100, ""rz"": 153, ""sx"": 29, ""x"": 11}",100,193,9.80952380952381,8.371428571428572,amplitude_resolution
random,8,7,3,10,1024,42,42,1,"[""rz"", ""sx"", ""x"", ""cx""]",3,0,106,54.125,20,0.35714285714285715,0.0014616999542340636,0.014575099921785295,0.011150900041684508,0.022542200051248074,33,47,"{""h"": 3, ""mcx"": 20, ""x"": 24}",375,487,"{""cx"": 198, ""rz"": 254, ""sx"": 25, ""x"": 10}",198,289,11.363636363636363,10.361702127659575,amplitude_resolution
random,8,7,3,10,1024,52,42,1,"[""rz"", ""sx"", ""x"", ""cx""]",3,8,98,48.875,25,0.44642857142857145,0.0018969000084325671,0.01213869999628514,0.011383199947886169,0.02053680003155023,38,52,"{""h"": 3, ""mcx"": 25, ""x"": 24}",533,663,"{""cx"": 280, ""rz"": 345, ""sx"": 27, ""x"": 11}",280,383,14.026315789473685,12.75,amplitude_resolution
random,8,7,3,10,1024,62,42,1,"[""rz"", ""sx"", ""x"", ""cx""]",3,0,123,70.5,24,0.42857142857142855,0.001705799950286746,0.010505200014449656,0.010235299938358366,0.011753300088457763,37,51,"{""h"": 3, ""mcx"": 24, ""x"": 24}",562,685,"{""cx"": 296, ""rz"": 355, ""sx"": 23, ""x"": 11}",296,389,15.18918918918919,13.431372549019608,amplitude_resolution
random,8,7,3,10,1024,72,42,1,"[""rz"", ""sx"", ""x"", ""cx""]",3,3,127,65.0,29,0.5178571428571429,0.0019851999823004007,0.013079200056381524,0.012196799973025918,0.013199099921621382,42,56,"{""h"": 3, ""mcx"": 29, ""x"": 24}",644,781,"{""cx"": 342, ""rz"": 405, ""sx"": 23, ""x"": 11}",342,439,15.333333333333334,13.946428571428571,amplitude_resolution
random,8,7,3,10,1024,82,42,1,"[""rz"", ""sx"", ""x"", ""cx""]",3,2,69,40.125,27,0.48214285714285715,0.0018672000151127577,0.014226200059056282,0.013230300042778254,0.018026200006715953,40,54,"{""h"": 3, ""mcx"": 27, ""x"": 24}",468,609,"{""cx"": 248, ""rz"": 319, ""sx"": 31, ""x"": 11}",248,361,11.7,11.277777777777779,amplitude_resolution
dense,8,7,3,10,1024,42,42,1,"[""rz"", ""sx"", ""x"", ""cx""]",3,127,127,127.0,56,1.0,0.004123399965465069,0.013456800021231174,0.012716699973680079,0.017837299965322018,69,83,"{""h"": 3, ""mcx"": 56, ""x"": 24}",1457,1685,"{""cx"": 772, ""rz"": 873, ""sx"": 29, ""x"": 11}",772,913,21.115942028985508,20.301204819277107,amplitude_resolution
sparse,8,8,3,11,2048,42,42,1,"[""rz"", ""sx"", ""x"", ""cx""]",3,1,128,31.875,8,0.125,0.0008625999325886369,0.006999399978667498,0.0069642000598832965,0.007542999926954508,21,35,"{""h"": 3, ""mcx"": 8, ""x"": 24}",203,299,"{""cx"": 98, ""rz"": 157, ""sx"": 33, ""x"": 11}",98,201,9.666666666666666,8.542857142857143,amplitude_resolution
random,8,8,3,11,2048,42,42,1,"[""rz"", ""sx"", ""x"", ""cx""]",3,25,241,87.25,31,0.484375,0.0021386001026257873,0.013213400030508637,0.011855499935336411,0.014745300053618848,44,58,"{""h"": 3, ""mcx"": 31, ""x"": 24}",673,825,"{""cx"": 356, ""rz"": 429, ""sx"": 29, ""x"": 11}",356,469,15.295454545454545,14.224137931034482,amplitude_resolution
random,8,8,3,11,2048,52,42,1,"[""rz"", ""sx"", ""x"", ""cx""]",3,53,211,110.0,36,0.5625,0.0022775999968871474,0.01425729994662106,0.014255200047045946,0.01443990005645901,49,63,"{""h"": 3, ""mcx"": 36, ""x"": 24}",763,942,"{""cx"": 402, ""rz"": 492, ""sx"": 37, ""x"": 11}",402,540,15.571428571428571,14.952380952380953,amplitude_resolution
random,8,8,3,11,2048,62,42,1,"[""rz"", ""sx"", ""x"", ""cx""]",3,6,135,71.625,19,0.296875,0.001400599954649806,0.010559200076386333,0.009564099949784577,0.010773199959658086,32,46,"{""h"": 3, ""mcx"": 19, ""x"": 24}",416,543,"{""cx"": 212, ""rz"": 283, ""sx"": 37, ""x"": 11}",212,331,13.0,11.804347826086957,amplitude_resolution
random,8,8,3,11,2048,72,42,1,"[""rz"", ""sx"", ""x"", ""cx""]",3,24,232,157.0,35,0.546875,0.002341600018553436,0.012831400032155216,0.012386799906380475,0.013322500046342611,48,62,"{""h"": 3, ""mcx"": 35, ""x"": 24}",751,913,"{""cx"": 400, ""rz"": 475, ""sx"": 27, ""x"": 11}",400,513,15.645833333333334,14.725806451612904,amplitude_resolution
random,8,8,3,11,2048,82,42,1,"[""rz"", ""sx"", ""x"", ""cx""]",3,6,220,105.25,31,0.484375,0.002791699953377247,0.012295400025323033,0.012146199936978519,0.015003600041382015,44,58,"{""h"": 3, ""mcx"": 31, ""x"": 24}",630,781,"{""cx"": 336, ""rz"": 407, ""sx"": 27, ""x"": 11}",336,445,14.318181818181818,13.46551724137931,amplitude_resolution
dense,8,8,3,11,2048,42,42,1,"[""rz"", ""sx"", ""x"", ""cx""]",3,255,255,255.0,64,1.0,0.0036699000047519803,0.01375380007084459,0.013608200009912252,0.014884999953210354,77,91,"{""h"": 3, ""mcx"": 64, ""x"": 24}",1663,1923,"{""cx"": 882, ""rz"": 997, ""sx"": 33, ""x"": 11}",882,1041,21.5974025974026,21.13186813186813,amplitude_resolution
