condition,gate_error_enabled,readout_error_enabled,thermal_relaxation_enabled,seed_simulator,simulation_seconds,shots,observed_indices,coverage_fraction,modal_correct_indices,modal_amplitude_accuracy,normalized_modal_mae,correct_basis_shot_fraction,amplitude_bit_error_rate,joint_distribution_tvd,time_distribution_tvd,exact_reconstruction,backend_name,backend_class,backend_num_qubits,num_samples,amplitude_bits,time_bits,logical_qubits,data_seed,optimization_level,seed_transpiler,initial_layout,final_layout,transpiled_depth,transpiled_size,selected_readout_error_mean,selected_readout_error_max,selected_t1_seconds_mean,selected_t2_seconds_mean,two_qubit_gate_count,swap_count,calibrated_gate_count,missing_calibration_count,calibration_error_budget,independent_gate_success_proxy,calibrated_duration_seconds
ideal,False,False,False,42,0.02221059997100383,2048,4,1.0,4,1.0,0.0,1.0,0.0,0.01318359375,0.01318359375,True,fake_nairobi,FakeNairobiV2,7,4,4,2,6,42,2,42,4-3-2-0-5-1,1-4-2-0-5-3,191,255,0.026716666666666666,0.05800000000000005,9.940685236631248e-05,7.72489665936874e-05,92,0,249,0,0.8193746061675562,0.4407071838945501,3.907555555555556e-05
ideal,False,False,False,52,0.016374300001189113,2048,4,1.0,4,1.0,0.0,1.0,0.0,0.005859375,0.005859375,True,fake_nairobi,FakeNairobiV2,7,4,4,2,6,42,2,42,4-3-2-0-5-1,1-4-2-0-5-3,191,255,0.026716666666666666,0.05800000000000005,9.940685236631248e-05,7.72489665936874e-05,92,0,249,0,0.8193746061675562,0.4407071838945501,3.907555555555556e-05
ideal,False,False,False,62,0.015947200008668005,2048,4,1.0,4,1.0,0.0,1.0,0.0,0.0224609375,0.0224609375,True,fake_nairobi,FakeNairobiV2,7,4,4,2,6,42,2,42,4-3-2-0-5-1,1-4-2-0-5-3,191,255,0.026716666666666666,0.05800000000000005,9.940685236631248e-05,7.72489665936874e-05,92,0,249,0,0.8193746061675562,0.4407071838945501,3.907555555555556e-05
readout_only,False,True,False,42,0.029502300079911947,2048,4,1.0,4,1.0,0.0,0.85400390625,0.050048828125,0.14599609375,0.0126953125,True,fake_nairobi,FakeNairobiV2,7,4,4,2,6,42,2,42,4-3-2-0-5-1,1-4-2-0-5-3,191,255,0.026716666666666666,0.05800000000000005,9.940685236631248e-05,7.72489665936874e-05,92,0,249,0,0.8193746061675562,0.4407071838945501,3.907555555555556e-05
readout_only,False,True,False,52,0.03549449995625764,2048,4,1.0,4,1.0,0.0,0.85205078125,0.05029296875,0.14794921875,0.00927734375,True,fake_nairobi,FakeNairobiV2,7,4,4,2,6,42,2,42,4-3-2-0-5-1,1-4-2-0-5-3,191,255,0.026716666666666666,0.05800000000000005,9.940685236631248e-05,7.72489665936874e-05,92,0,249,0,0.8193746061675562,0.4407071838945501,3.907555555555556e-05
readout_only,False,True,False,62,0.03112079994753003,2048,4,1.0,4,1.0,0.0,0.8583984375,0.0474853515625,0.1416015625,0.0234375,True,fake_nairobi,FakeNairobiV2,7,4,4,2,6,42,2,42,4-3-2-0-5-1,1-4-2-0-5-3,191,255,0.026716666666666666,0.05800000000000005,9.940685236631248e-05,7.72489665936874e-05,92,0,249,0,0.8193746061675562,0.4407071838945501,3.907555555555556e-05
gate_thermal,True,False,True,42,0.09403449995443225,2048,4,1.0,4,1.0,0.0,0.4375,0.233642578125,0.5625,0.015625,True,fake_nairobi,FakeNairobiV2,7,4,4,2,6,42,2,42,4-3-2-0-5-1,1-4-2-0-5-3,191,255,0.026716666666666666,0.05800000000000005,9.940685236631248e-05,7.72489665936874e-05,92,0,249,0,0.8193746061675562,0.4407071838945501,3.907555555555556e-05
gate_thermal,True,False,True,52,0.09738609998021275,2048,4,1.0,4,1.0,0.0,0.46728515625,0.210693359375,0.53271484375,0.021484375,True,fake_nairobi,FakeNairobiV2,7,4,4,2,6,42,2,42,4-3-2-0-5-1,1-4-2-0-5-3,191,255,0.026716666666666666,0.05800000000000005,9.940685236631248e-05,7.72489665936874e-05,92,0,249,0,0.8193746061675562,0.4407071838945501,3.907555555555556e-05
gate_thermal,True,False,True,62,0.09435240004677325,2048,4,1.0,4,1.0,0.0,0.45751953125,0.222412109375,0.54248046875,0.0205078125,True,fake_nairobi,FakeNairobiV2,7,4,4,2,6,42,2,42,4-3-2-0-5-1,1-4-2-0-5-3,191,255,0.026716666666666666,0.05800000000000005,9.940685236631248e-05,7.72489665936874e-05,92,0,249,0,0.8193746061675562,0.4407071838945501,3.907555555555556e-05
full_calibration,True,True,True,42,0.11681949999183416,2048,4,1.0,4,1.0,0.0,0.38525390625,0.2587890625,0.61474609375,0.0166015625,True,fake_nairobi,FakeNairobiV2,7,4,4,2,6,42,2,42,4-3-2-0-5-1,1-4-2-0-5-3,191,255,0.026716666666666666,0.05800000000000005,9.940685236631248e-05,7.72489665936874e-05,92,0,249,0,0.8193746061675562,0.4407071838945501,3.907555555555556e-05
full_calibration,True,True,True,52,0.10913999995682389,2048,4,1.0,4,1.0,0.0,0.40966796875,0.2371826171875,0.59033203125,0.0224609375,True,fake_nairobi,FakeNairobiV2,7,4,4,2,6,42,2,42,4-3-2-0-5-1,1-4-2-0-5-3,191,255,0.026716666666666666,0.05800000000000005,9.940685236631248e-05,7.72489665936874e-05,92,0,249,0,0.8193746061675562,0.4407071838945501,3.907555555555556e-05
full_calibration,True,True,True,62,0.11143809999339283,2048,4,1.0,4,1.0,0.0,0.3955078125,0.2513427734375,0.6044921875,0.0185546875,True,fake_nairobi,FakeNairobiV2,7,4,4,2,6,42,2,42,4-3-2-0-5-1,1-4-2-0-5-3,191,255,0.026716666666666666,0.05800000000000005,9.940685236631248e-05,7.72489665936874e-05,92,0,249,0,0.8193746061675562,0.4407071838945501,3.907555555555556e-05
ideal,False,False,False,42,0.022869599983096123,2048,4,1.0,4,1.0,0.0,1.0,0.0,0.01318359375,0.01318359375,True,fake_nairobi,FakeNairobiV2,7,4,4,2,6,42,2,52,4-1-2-5-3-0,5-0-2-4-3-1,188,255,0.026716666666666666,0.05800000000000005,9.940685236631248e-05,7.72489665936874e-05,92,0,249,0,0.7896048515821539,0.4540241667720056,3.6266666666666656e-05
ideal,False,False,False,52,0.02262269996572286,2048,4,1.0,4,1.0,0.0,1.0,0.0,0.005859375,0.005859375,True,fake_nairobi,FakeNairobiV2,7,4,4,2,6,42,2,52,4-1-2-5-3-0,5-0-2-4-3-1,188,255,0.026716666666666666,0.05800000000000005,9.940685236631248e-05,7.72489665936874e-05,92,0,249,0,0.7896048515821539,0.4540241667720056,3.6266666666666656e-05
ideal,False,False,False,62,0.024464800022542477,2048,4,1.0,4,1.0,0.0,1.0,0.0,0.0224609375,0.0224609375,True,fake_nairobi,FakeNairobiV2,7,4,4,2,6,42,2,52,4-1-2-5-3-0,5-0-2-4-3-1,188,255,0.026716666666666666,0.05800000000000005,9.940685236631248e-05,7.72489665936874e-05,92,0,249,0,0.7896048515821539,0.4540241667720056,3.6266666666666656e-05
readout_only,False,True,False,42,0.03328809991944581,2048,4,1.0,4,1.0,0.0,0.85986328125,0.049072265625,0.14013671875,0.0126953125,True,fake_nairobi,FakeNairobiV2,7,4,4,2,6,42,2,52,4-1-2-5-3-0,5-0-2-4-3-1,188,255,0.026716666666666666,0.05800000000000005,9.940685236631248e-05,7.72489665936874e-05,92,0,249,0,0.7896048515821539,0.4540241667720056,3.6266666666666656e-05
readout_only,False,True,False,52,0.033631599973887205,2048,4,1.0,4,1.0,0.0,0.8466796875,0.0491943359375,0.1533203125,0.00341796875,True,fake_nairobi,FakeNairobiV2,7,4,4,2,6,42,2,52,4-1-2-5-3-0,5-0-2-4-3-1,188,255,0.026716666666666666,0.05800000000000005,9.940685236631248e-05,7.72489665936874e-05,92,0,249,0,0.7896048515821539,0.4540241667720056,3.6266666666666656e-05
readout_only,False,True,False,62,0.033153400057926774,2048,4,1.0,4,1.0,0.0,0.861328125,0.0457763671875,0.138671875,0.02197265625,True,fake_nairobi,FakeNairobiV2,7,4,4,2,6,42,2,52,4-1-2-5-3-0,5-0-2-4-3-1,188,255,0.026716666666666666,0.05800000000000005,9.940685236631248e-05,7.72489665936874e-05,92,0,249,0,0.7896048515821539,0.4540241667720056,3.6266666666666656e-05
gate_thermal,True,False,True,42,0.10980149998795241,2048,4,1.0,4,1.0,0.0,0.470703125,0.220703125,0.529296875,0.01025390625,True,fake_nairobi,FakeNairobiV2,7,4,4,2,6,42,2,52,4-1-2-5-3-0,5-0-2-4-3-1,188,255,0.026716666666666666,0.05800000000000005,9.940685236631248e-05,7.72489665936874e-05,92,0,249,0,0.7896048515821539,0.4540241667720056,3.6266666666666656e-05
gate_thermal,True,False,True,52,0.099005899974145,2048,4,1.0,4,1.0,0.0,0.4716796875,0.220703125,0.5283203125,0.017578125,True,fake_nairobi,FakeNairobiV2,7,4,4,2,6,42,2,52,4-1-2-5-3-0,5-0-2-4-3-1,188,255,0.026716666666666666,0.05800000000000005,9.940685236631248e-05,7.72489665936874e-05,92,0,249,0,0.7896048515821539,0.4540241667720056,3.6266666666666656e-05
gate_thermal,True,False,True,62,0.09992149996105582,2048,4,1.0,4,1.0,0.0,0.45654296875,0.2232666015625,0.54345703125,0.00634765625,True,fake_nairobi,FakeNairobiV2,7,4,4,2,6,42,2,52,4-1-2-5-3-0,5-0-2-4-3-1,188,255,0.026716666666666666,0.05800000000000005,9.940685236631248e-05,7.72489665936874e-05,92,0,249,0,0.7896048515821539,0.4540241667720056,3.6266666666666656e-05
full_calibration,True,True,True,42,0.11425290000624955,2048,4,1.0,4,1.0,0.0,0.4111328125,0.246337890625,0.5888671875,0.01123046875,True,fake_nairobi,FakeNairobiV2,7,4,4,2,6,42,2,52,4-1-2-5-3-0,5-0-2-4-3-1,188,255,0.026716666666666666,0.05800000000000005,9.940685236631248e-05,7.72489665936874e-05,92,0,249,0,0.7896048515821539,0.4540241667720056,3.6266666666666656e-05
full_calibration,True,True,True,52,0.11368959990795702,2048,4,1.0,4,1.0,0.0,0.40576171875,0.24853515625,0.59423828125,0.01806640625,True,fake_nairobi,FakeNairobiV2,7,4,4,2,6,42,2,52,4-1-2-5-3-0,5-0-2-4-3-1,188,255,0.026716666666666666,0.05800000000000005,9.940685236631248e-05,7.72489665936874e-05,92,0,249,0,0.7896048515821539,0.4540241667720056,3.6266666666666656e-05
full_calibration,True,True,True,62,0.1097518999595195,2048,4,1.0,4,1.0,0.0,0.404296875,0.2469482421875,0.595703125,0.0087890625,True,fake_nairobi,FakeNairobiV2,7,4,4,2,6,42,2,52,4-1-2-5-3-0,5-0-2-4-3-1,188,255,0.026716666666666666,0.05800000000000005,9.940685236631248e-05,7.72489665936874e-05,92,0,249,0,0.7896048515821539,0.4540241667720056,3.6266666666666656e-05
ideal,False,False,False,42,0.021634100005030632,2048,4,1.0,4,1.0,0.0,1.0,0.0,0.01318359375,0.01318359375,True,fake_nairobi,FakeNairobiV2,7,4,4,2,6,42,2,62,2-5-1-6-3-4,2-1-4-6-3-5,181,248,0.021349999999999997,0.025800000000000045,9.732658242807076e-05,9.565223598225018e-05,92,0,242,0,0.8653941804161193,0.42088561505791755,4.044799999999999e-05
ideal,False,False,False,52,0.02136310003697872,2048,4,1.0,4,1.0,0.0,1.0,0.0,0.005859375,0.005859375,True,fake_nairobi,FakeNairobiV2,7,4,4,2,6,42,2,62,2-5-1-6-3-4,2-1-4-6-3-5,181,248,0.021349999999999997,0.025800000000000045,9.732658242807076e-05,9.565223598225018e-05,92,0,242,0,0.8653941804161193,0.42088561505791755,4.044799999999999e-05
ideal,False,False,False,62,0.0207674999255687,2048,4,1.0,4,1.0,0.0,1.0,0.0,0.0224609375,0.0224609375,True,fake_nairobi,FakeNairobiV2,7,4,4,2,6,42,2,62,2-5-1-6-3-4,2-1-4-6-3-5,181,248,0.021349999999999997,0.025800000000000045,9.732658242807076e-05,9.565223598225018e-05,92,0,242,0,0.8653941804161193,0.42088561505791755,4.044799999999999e-05
readout_only,False,True,False,42,0.04588209989015013,2048,4,1.0,4,1.0,0.0,0.8779296875,0.042724609375,0.1220703125,0.01318359375,True,fake_nairobi,FakeNairobiV2,7,4,4,2,6,42,2,62,2-5-1-6-3-4,2-1-4-6-3-5,181,248,0.021349999999999997,0.025800000000000045,9.732658242807076e-05,9.565223598225018e-05,92,0,242,0,0.8653941804161193,0.42088561505791755,4.044799999999999e-05
readout_only,False,True,False,52,0.045489100040867925,2048,4,1.0,4,1.0,0.0,0.873046875,0.0447998046875,0.126953125,0.00537109375,True,fake_nairobi,FakeNairobiV2,7,4,4,2,6,42,2,62,2-5-1-6-3-4,2-1-4-6-3-5,181,248,0.021349999999999997,0.025800000000000045,9.732658242807076e-05,9.565223598225018e-05,92,0,242,0,0.8653941804161193,0.42088561505791755,4.044799999999999e-05
readout_only,False,True,False,62,0.04884439997840673,2048,4,1.0,4,1.0,0.0,0.8974609375,0.0367431640625,0.1025390625,0.02490234375,True,fake_nairobi,FakeNairobiV2,7,4,4,2,6,42,2,62,2-5-1-6-3-4,2-1-4-6-3-5,181,248,0.021349999999999997,0.025800000000000045,9.732658242807076e-05,9.565223598225018e-05,92,0,242,0,0.8653941804161193,0.42088561505791755,4.044799999999999e-05
gate_thermal,True,False,True,42,0.09581279999110848,2048,4,1.0,4,1.0,0.0,0.42529296875,0.234375,0.57470703125,0.01611328125,True,fake_nairobi,FakeNairobiV2,7,4,4,2,6,42,2,62,2-5-1-6-3-4,2-1-4-6-3-5,181,248,0.021349999999999997,0.025800000000000045,9.732658242807076e-05,9.565223598225018e-05,92,0,242,0,0.8653941804161193,0.42088561505791755,4.044799999999999e-05
gate_thermal,True,False,True,52,0.09886109991930425,2048,4,1.0,4,1.0,0.0,0.4345703125,0.2342529296875,0.5654296875,0.02099609375,True,fake_nairobi,FakeNairobiV2,7,4,4,2,6,42,2,62,2-5-1-6-3-4,2-1-4-6-3-5,181,248,0.021349999999999997,0.025800000000000045,9.732658242807076e-05,9.565223598225018e-05,92,0,242,0,0.8653941804161193,0.42088561505791755,4.044799999999999e-05
gate_thermal,True,False,True,62,0.09719800006132573,2048,4,1.0,4,1.0,0.0,0.4072265625,0.24853515625,0.5927734375,0.00927734375,True,fake_nairobi,FakeNairobiV2,7,4,4,2,6,42,2,62,2-5-1-6-3-4,2-1-4-6-3-5,181,248,0.021349999999999997,0.025800000000000045,9.732658242807076e-05,9.565223598225018e-05,92,0,242,0,0.8653941804161193,0.42088561505791755,4.044799999999999e-05
full_calibration,True,True,True,42,0.10804900003131479,2048,4,1.0,4,1.0,0.0,0.38916015625,0.2535400390625,0.61083984375,0.01806640625,True,fake_nairobi,FakeNairobiV2,7,4,4,2,6,42,2,62,2-5-1-6-3-4,2-1-4-6-3-5,181,248,0.021349999999999997,0.025800000000000045,9.732658242807076e-05,9.565223598225018e-05,92,0,242,0,0.8653941804161193,0.42088561505791755,4.044799999999999e-05
full_calibration,True,True,True,52,0.10519220004789531,2048,4,1.0,4,1.0,0.0,0.38720703125,0.2576904296875,0.61279296875,0.01953125,True,fake_nairobi,FakeNairobiV2,7,4,4,2,6,42,2,62,2-5-1-6-3-4,2-1-4-6-3-5,181,248,0.021349999999999997,0.025800000000000045,9.732658242807076e-05,9.565223598225018e-05,92,0,242,0,0.8653941804161193,0.42088561505791755,4.044799999999999e-05
full_calibration,True,True,True,62,0.10884739994071424,2048,4,1.0,4,1.0,0.0,0.3720703125,0.2662353515625,0.6279296875,0.01123046875,True,fake_nairobi,FakeNairobiV2,7,4,4,2,6,42,2,62,2-5-1-6-3-4,2-1-4-6-3-5,181,248,0.021349999999999997,0.025800000000000045,9.732658242807076e-05,9.565223598225018e-05,92,0,242,0,0.8653941804161193,0.42088561505791755,4.044799999999999e-05
ideal,False,False,False,42,0.022365499986335635,2048,4,1.0,4,1.0,0.0,1.0,0.0,0.01318359375,0.01318359375,True,fake_nairobi,FakeNairobiV2,7,4,4,2,6,42,2,72,4-3-2-0-5-1,1-3-2-0-4-5,190,246,0.026716666666666666,0.05800000000000005,9.940685236631248e-05,7.72489665936874e-05,94,0,240,0,0.8357893642050573,0.4335321315849941,3.9921777777777783e-05
ideal,False,False,False,52,0.02221510000526905,2048,4,1.0,4,1.0,0.0,1.0,0.0,0.005859375,0.005859375,True,fake_nairobi,FakeNairobiV2,7,4,4,2,6,42,2,72,4-3-2-0-5-1,1-3-2-0-4-5,190,246,0.026716666666666666,0.05800000000000005,9.940685236631248e-05,7.72489665936874e-05,94,0,240,0,0.8357893642050573,0.4335321315849941,3.9921777777777783e-05
ideal,False,False,False,62,0.02257390005979687,2048,4,1.0,4,1.0,0.0,1.0,0.0,0.0224609375,0.0224609375,True,fake_nairobi,FakeNairobiV2,7,4,4,2,6,42,2,72,4-3-2-0-5-1,1-3-2-0-4-5,190,246,0.026716666666666666,0.05800000000000005,9.940685236631248e-05,7.72489665936874e-05,94,0,240,0,0.8357893642050573,0.4335321315849941,3.9921777777777783e-05
readout_only,False,True,False,42,0.03398179996293038,2048,4,1.0,4,1.0,0.0,0.85205078125,0.049560546875,0.14794921875,0.0078125,True,fake_nairobi,FakeNairobiV2,7,4,4,2,6,42,2,72,4-3-2-0-5-1,1-3-2-0-4-5,190,246,0.026716666666666666,0.05800000000000005,9.940685236631248e-05,7.72489665936874e-05,94,0,240,0,0.8357893642050573,0.4335321315849941,3.9921777777777783e-05
readout_only,False,True,False,52,0.0328266000142321,2048,4,1.0,4,1.0,0.0,0.849609375,0.0487060546875,0.150390625,0.00244140625,True,fake_nairobi,FakeNairobiV2,7,4,4,2,6,42,2,72,4-3-2-0-5-1,1-3-2-0-4-5,190,246,0.026716666666666666,0.05800000000000005,9.940685236631248e-05,7.72489665936874e-05,94,0,240,0,0.8357893642050573,0.4335321315849941,3.9921777777777783e-05
readout_only,False,True,False,62,0.032913099974393845,2048,4,1.0,4,1.0,0.0,0.86181640625,0.0458984375,0.13818359375,0.02392578125,True,fake_nairobi,FakeNairobiV2,7,4,4,2,6,42,2,72,4-3-2-0-5-1,1-3-2-0-4-5,190,246,0.026716666666666666,0.05800000000000005,9.940685236631248e-05,7.72489665936874e-05,94,0,240,0,0.8357893642050573,0.4335321315849941,3.9921777777777783e-05
gate_thermal,True,False,True,42,0.10006950004026294,2048,4,1.0,4,1.0,0.0,0.46337890625,0.218017578125,0.53662109375,0.0205078125,True,fake_nairobi,FakeNairobiV2,7,4,4,2,6,42,2,72,4-3-2-0-5-1,1-3-2-0-4-5,190,246,0.026716666666666666,0.05800000000000005,9.940685236631248e-05,7.72489665936874e-05,94,0,240,0,0.8357893642050573,0.4335321315849941,3.9921777777777783e-05
gate_thermal,True,False,True,52,0.0981295999372378,2048,4,1.0,4,1.0,0.0,0.45458984375,0.2235107421875,0.54541015625,0.02001953125,True,fake_nairobi,FakeNairobiV2,7,4,4,2,6,42,2,72,4-3-2-0-5-1,1-3-2-0-4-5,190,246,0.026716666666666666,0.05800000000000005,9.940685236631248e-05,7.72489665936874e-05,94,0,240,0,0.8357893642050573,0.4335321315849941,3.9921777777777783e-05
gate_thermal,True,False,True,62,0.09627769992221147,2048,4,1.0,4,1.0,0.0,0.4501953125,0.2257080078125,0.5498046875,0.03515625,True,fake_nairobi,FakeNairobiV2,7,4,4,2,6,42,2,72,4-3-2-0-5-1,1-3-2-0-4-5,190,246,0.026716666666666666,0.05800000000000005,9.940685236631248e-05,7.72489665936874e-05,94,0,240,0,0.8357893642050573,0.4335321315849941,3.9921777777777783e-05
full_calibration,True,True,True,42,0.11127570003736764,2048,4,1.0,4,1.0,0.0,0.40576171875,0.243408203125,0.59423828125,0.02001953125,True,fake_nairobi,FakeNairobiV2,7,4,4,2,6,42,2,72,4-3-2-0-5-1,1-3-2-0-4-5,190,246,0.026716666666666666,0.05800000000000005,9.940685236631248e-05,7.72489665936874e-05,94,0,240,0,0.8357893642050573,0.4335321315849941,3.9921777777777783e-05
full_calibration,True,True,True,52,0.1088418000144884,2048,4,1.0,4,1.0,0.0,0.396484375,0.2501220703125,0.603515625,0.015625,True,fake_nairobi,FakeNairobiV2,7,4,4,2,6,42,2,72,4-3-2-0-5-1,1-3-2-0-4-5,190,246,0.026716666666666666,0.05800000000000005,9.940685236631248e-05,7.72489665936874e-05,94,0,240,0,0.8357893642050573,0.4335321315849941,3.9921777777777783e-05
full_calibration,True,True,True,62,0.10805349994916469,2048,4,1.0,4,1.0,0.0,0.3955078125,0.2509765625,0.6044921875,0.0341796875,True,fake_nairobi,FakeNairobiV2,7,4,4,2,6,42,2,72,4-3-2-0-5-1,1-3-2-0-4-5,190,246,0.026716666666666666,0.05800000000000005,9.940685236631248e-05,7.72489665936874e-05,94,0,240,0,0.8357893642050573,0.4335321315849941,3.9921777777777783e-05
ideal,False,False,False,42,0.022699500084854662,2048,4,1.0,4,1.0,0.0,1.0,0.0,0.01318359375,0.01318359375,True,fake_nairobi,FakeNairobiV2,7,4,4,2,6,42,2,82,4-3-2-0-5-1,1-3-2-0-4-5,190,246,0.026716666666666666,0.05800000000000005,9.940685236631248e-05,7.72489665936874e-05,94,0,240,0,0.8357893642050573,0.4335321315849941,3.9921777777777783e-05
ideal,False,False,False,52,0.02121799997985363,2048,4,1.0,4,1.0,0.0,1.0,0.0,0.005859375,0.005859375,True,fake_nairobi,FakeNairobiV2,7,4,4,2,6,42,2,82,4-3-2-0-5-1,1-3-2-0-4-5,190,246,0.026716666666666666,0.05800000000000005,9.940685236631248e-05,7.72489665936874e-05,94,0,240,0,0.8357893642050573,0.4335321315849941,3.9921777777777783e-05
ideal,False,False,False,62,0.02329649997409433,2048,4,1.0,4,1.0,0.0,1.0,0.0,0.0224609375,0.0224609375,True,fake_nairobi,FakeNairobiV2,7,4,4,2,6,42,2,82,4-3-2-0-5-1,1-3-2-0-4-5,190,246,0.026716666666666666,0.05800000000000005,9.940685236631248e-05,7.72489665936874e-05,94,0,240,0,0.8357893642050573,0.4335321315849941,3.9921777777777783e-05
readout_only,False,True,False,42,0.04597239999566227,2048,4,1.0,4,1.0,0.0,0.85205078125,0.049560546875,0.14794921875,0.0078125,True,fake_nairobi,FakeNairobiV2,7,4,4,2,6,42,2,82,4-3-2-0-5-1,1-3-2-0-4-5,190,246,0.026716666666666666,0.05800000000000005,9.940685236631248e-05,7.72489665936874e-05,94,0,240,0,0.8357893642050573,0.4335321315849941,3.9921777777777783e-05
readout_only,False,True,False,52,0.030812000040896237,2048,4,1.0,4,1.0,0.0,0.849609375,0.0487060546875,0.150390625,0.00244140625,True,fake_nairobi,FakeNairobiV2,7,4,4,2,6,42,2,82,4-3-2-0-5-1,1-3-2-0-4-5,190,246,0.026716666666666666,0.05800000000000005,9.940685236631248e-05,7.72489665936874e-05,94,0,240,0,0.8357893642050573,0.4335321315849941,3.9921777777777783e-05
readout_only,False,True,False,62,0.03165620006620884,2048,4,1.0,4,1.0,0.0,0.86181640625,0.0458984375,0.13818359375,0.02392578125,True,fake_nairobi,FakeNairobiV2,7,4,4,2,6,42,2,82,4-3-2-0-5-1,1-3-2-0-4-5,190,246,0.026716666666666666,0.05800000000000005,9.940685236631248e-05,7.72489665936874e-05,94,0,240,0,0.8357893642050573,0.4335321315849941,3.9921777777777783e-05
gate_thermal,True,False,True,42,0.0946440000552684,2048,4,1.0,4,1.0,0.0,0.46337890625,0.218017578125,0.53662109375,0.0205078125,True,fake_nairobi,FakeNairobiV2,7,4,4,2,6,42,2,82,4-3-2-0-5-1,1-3-2-0-4-5,190,246,0.026716666666666666,0.05800000000000005,9.940685236631248e-05,7.72489665936874e-05,94,0,240,0,0.8357893642050573,0.4335321315849941,3.9921777777777783e-05
gate_thermal,True,False,True,52,0.09555760002695024,2048,4,1.0,4,1.0,0.0,0.45458984375,0.2235107421875,0.54541015625,0.02001953125,True,fake_nairobi,FakeNairobiV2,7,4,4,2,6,42,2,82,4-3-2-0-5-1,1-3-2-0-4-5,190,246,0.026716666666666666,0.05800000000000005,9.940685236631248e-05,7.72489665936874e-05,94,0,240,0,0.8357893642050573,0.4335321315849941,3.9921777777777783e-05
gate_thermal,True,False,True,62,0.10916039999574423,2048,4,1.0,4,1.0,0.0,0.4501953125,0.2257080078125,0.5498046875,0.03515625,True,fake_nairobi,FakeNairobiV2,7,4,4,2,6,42,2,82,4-3-2-0-5-1,1-3-2-0-4-5,190,246,0.026716666666666666,0.05800000000000005,9.940685236631248e-05,7.72489665936874e-05,94,0,240,0,0.8357893642050573,0.4335321315849941,3.9921777777777783e-05
full_calibration,True,True,True,42,0.11713060003239661,2048,4,1.0,4,1.0,0.0,0.40576171875,0.243408203125,0.59423828125,0.02001953125,True,fake_nairobi,FakeNairobiV2,7,4,4,2,6,42,2,82,4-3-2-0-5-1,1-3-2-0-4-5,190,246,0.026716666666666666,0.05800000000000005,9.940685236631248e-05,7.72489665936874e-05,94,0,240,0,0.8357893642050573,0.4335321315849941,3.9921777777777783e-05
full_calibration,True,True,True,52,0.11117409996222705,2048,4,1.0,4,1.0,0.0,0.396484375,0.2501220703125,0.603515625,0.015625,True,fake_nairobi,FakeNairobiV2,7,4,4,2,6,42,2,82,4-3-2-0-5-1,1-3-2-0-4-5,190,246,0.026716666666666666,0.05800000000000005,9.940685236631248e-05,7.72489665936874e-05,94,0,240,0,0.8357893642050573,0.4335321315849941,3.9921777777777783e-05
full_calibration,True,True,True,62,0.11262959998566657,2048,4,1.0,4,1.0,0.0,0.3955078125,0.2509765625,0.6044921875,0.0341796875,True,fake_nairobi,FakeNairobiV2,7,4,4,2,6,42,2,82,4-3-2-0-5-1,1-3-2-0-4-5,190,246,0.026716666666666666,0.05800000000000005,9.940685236631248e-05,7.72489665936874e-05,94,0,240,0,0.8357893642050573,0.4335321315849941,3.9921777777777783e-05
ideal,False,False,False,42,0.048535300069488585,2048,8,1.0,8,1.0,0.0,1.0,0.0,0.021484375,0.021484375,True,fake_nairobi,FakeNairobiV2,7,8,4,3,7,42,2,42,4-1-5-0-3-2-6,2-6-4-1-0-5-3,751,998,0.026585714285714292,0.05800000000000005,9.61541163743683e-05,8.424307545467965e-05,433,0,991,0,3.790068479731834,0.022594054563346,0.00016446577777777866
ideal,False,False,False,52,0.06392960005905479,2048,8,1.0,8,1.0,0.0,1.0,0.0,0.03466796875,0.03466796875,True,fake_nairobi,FakeNairobiV2,7,8,4,3,7,42,2,42,4-1-5-0-3-2-6,2-6-4-1-0-5-3,751,998,0.026585714285714292,0.05800000000000005,9.61541163743683e-05,8.424307545467965e-05,433,0,991,0,3.790068479731834,0.022594054563346,0.00016446577777777866
ideal,False,False,False,62,0.06499630003236234,2048,8,1.0,8,1.0,0.0,1.0,0.0,0.02392578125,0.02392578125,True,fake_nairobi,FakeNairobiV2,7,8,4,3,7,42,2,42,4-1-5-0-3-2-6,2-6-4-1-0-5-3,751,998,0.026585714285714292,0.05800000000000005,9.61541163743683e-05,8.424307545467965e-05,433,0,991,0,3.790068479731834,0.022594054563346,0.00016446577777777866
readout_only,False,True,False,42,0.07565490005072206,2048,8,1.0,8,1.0,0.0,0.849609375,0.044921875,0.150390625,0.0205078125,True,fake_nairobi,FakeNairobiV2,7,8,4,3,7,42,2,42,4-1-5-0-3-2-6,2-6-4-1-0-5-3,751,998,0.026585714285714292,0.05800000000000005,9.61541163743683e-05,8.424307545467965e-05,433,0,991,0,3.790068479731834,0.022594054563346,0.00016446577777777866
readout_only,False,True,False,52,0.0781247999984771,2048,8,1.0,8,1.0,0.0,0.85302734375,0.04833984375,0.14697265625,0.02490234375,True,fake_nairobi,FakeNairobiV2,7,8,4,3,7,42,2,42,4-1-5-0-3-2-6,2-6-4-1-0-5-3,751,998,0.026585714285714292,0.05800000000000005,9.61541163743683e-05,8.424307545467965e-05,433,0,991,0,3.790068479731834,0.022594054563346,0.00016446577777777866
readout_only,False,True,False,62,0.0715303000761196,2048,8,1.0,8,1.0,0.0,0.875,0.0396728515625,0.126953125,0.0263671875,True,fake_nairobi,FakeNairobiV2,7,8,4,3,7,42,2,42,4-1-5-0-3-2-6,2-6-4-1-0-5-3,751,998,0.026585714285714292,0.05800000000000005,9.61541163743683e-05,8.424307545467965e-05,433,0,991,0,3.790068479731834,0.022594054563346,0.00016446577777777866
gate_thermal,True,False,True,42,0.4247171999886632,2048,8,1.0,1,0.125,0.35,0.08447265625,0.4642333984375,0.91552734375,0.10009765625,False,fake_nairobi,FakeNairobiV2,7,8,4,3,7,42,2,42,4-1-5-0-3-2-6,2-6-4-1-0-5-3,751,998,0.026585714285714292,0.05800000000000005,9.61541163743683e-05,8.424307545467965e-05,433,0,991,0,3.790068479731834,0.022594054563346,0.00016446577777777866
gate_thermal,True,False,True,52,0.38122929993551224,2048,8,1.0,3,0.375,0.25,0.09326171875,0.4608154296875,0.90673828125,0.10693359375,False,fake_nairobi,FakeNairobiV2,7,8,4,3,7,42,2,42,4-1-5-0-3-2-6,2-6-4-1-0-5-3,751,998,0.026585714285714292,0.05800000000000005,9.61541163743683e-05,8.424307545467965e-05,433,0,991,0,3.790068479731834,0.022594054563346,0.00016446577777777866
gate_thermal,True,False,True,62,0.38126279995776713,2048,8,1.0,0,0.0,0.4,0.08154296875,0.46875,0.91845703125,0.1142578125,False,fake_nairobi,FakeNairobiV2,7,8,4,3,7,42,2,42,4-1-5-0-3-2-6,2-6-4-1-0-5-3,751,998,0.026585714285714292,0.05800000000000005,9.61541163743683e-05,8.424307545467965e-05,433,0,991,0,3.790068479731834,0.022594054563346,0.00016446577777777866
full_calibration,True,True,True,42,0.4085737999994308,2048,8,1.0,1,0.125,0.25,0.0810546875,0.4708251953125,0.9189453125,0.09521484375,False,fake_nairobi,FakeNairobiV2,7,8,4,3,7,42,2,42,4-1-5-0-3-2-6,2-6-4-1-0-5-3,751,998,0.026585714285714292,0.05800000000000005,9.61541163743683e-05,8.424307545467965e-05,433,0,991,0,3.790068479731834,0.022594054563346,0.00016446577777777866
full_calibration,True,True,True,52,0.42767130001448095,2048,8,1.0,2,0.25,0.31666666666666665,0.0869140625,0.466064453125,0.9130859375,0.09912109375,False,fake_nairobi,FakeNairobiV2,7,8,4,3,7,42,2,42,4-1-5-0-3-2-6,2-6-4-1-0-5-3,751,998,0.026585714285714292,0.05800000000000005,9.61541163743683e-05,8.424307545467965e-05,433,0,991,0,3.790068479731834,0.022594054563346,0.00016446577777777866
full_calibration,True,True,True,62,0.4396761000389233,2048,8,1.0,1,0.125,0.35833333333333334,0.0849609375,0.474365234375,0.9150390625,0.10986328125,False,fake_nairobi,FakeNairobiV2,7,8,4,3,7,42,2,42,4-1-5-0-3-2-6,2-6-4-1-0-5-3,751,998,0.026585714285714292,0.05800000000000005,9.61541163743683e-05,8.424307545467965e-05,433,0,991,0,3.790068479731834,0.022594054563346,0.00016446577777777866
ideal,False,False,False,42,0.04278849996626377,2048,8,1.0,8,1.0,0.0,1.0,0.0,0.021484375,0.021484375,True,fake_nairobi,FakeNairobiV2,7,8,4,3,7,42,2,52,4-1-5-0-3-2-6,2-6-4-1-0-5-3,751,998,0.026585714285714292,0.05800000000000005,9.61541163743683e-05,8.424307545467965e-05,433,0,991,0,3.790068479731834,0.022594054563346,0.00016446577777777866
ideal,False,False,False,52,0.048960300046019256,2048,8,1.0,8,1.0,0.0,1.0,0.0,0.03466796875,0.03466796875,True,fake_nairobi,FakeNairobiV2,7,8,4,3,7,42,2,52,4-1-5-0-3-2-6,2-6-4-1-0-5-3,751,998,0.026585714285714292,0.05800000000000005,9.61541163743683e-05,8.424307545467965e-05,433,0,991,0,3.790068479731834,0.022594054563346,0.00016446577777777866
ideal,False,False,False,62,0.050265399971976876,2048,8,1.0,8,1.0,0.0,1.0,0.0,0.02392578125,0.02392578125,True,fake_nairobi,FakeNairobiV2,7,8,4,3,7,42,2,52,4-1-5-0-3-2-6,2-6-4-1-0-5-3,751,998,0.026585714285714292,0.05800000000000005,9.61541163743683e-05,8.424307545467965e-05,433,0,991,0,3.790068479731834,0.022594054563346,0.00016446577777777866
readout_only,False,True,False,42,0.06304069992620498,2048,8,1.0,8,1.0,0.0,0.849609375,0.044921875,0.150390625,0.0205078125,True,fake_nairobi,FakeNairobiV2,7,8,4,3,7,42,2,52,4-1-5-0-3-2-6,2-6-4-1-0-5-3,751,998,0.026585714285714292,0.05800000000000005,9.61541163743683e-05,8.424307545467965e-05,433,0,991,0,3.790068479731834,0.022594054563346,0.00016446577777777866
readout_only,False,True,False,52,0.06423030002042651,2048,8,1.0,8,1.0,0.0,0.85302734375,0.04833984375,0.14697265625,0.02490234375,True,fake_nairobi,FakeNairobiV2,7,8,4,3,7,42,2,52,4-1-5-0-3-2-6,2-6-4-1-0-5-3,751,998,0.026585714285714292,0.05800000000000005,9.61541163743683e-05,8.424307545467965e-05,433,0,991,0,3.790068479731834,0.022594054563346,0.00016446577777777866
readout_only,False,True,False,62,0.06604489998426288,2048,8,1.0,8,1.0,0.0,0.875,0.0396728515625,0.126953125,0.0263671875,True,fake_nairobi,FakeNairobiV2,7,8,4,3,7,42,2,52,4-1-5-0-3-2-6,2-6-4-1-0-5-3,751,998,0.026585714285714292,0.05800000000000005,9.61541163743683e-05,8.424307545467965e-05,433,0,991,0,3.790068479731834,0.022594054563346,0.00016446577777777866
gate_thermal,True,False,True,42,0.4947126000188291,2048,8,1.0,1,0.125,0.35,0.08447265625,0.4642333984375,0.91552734375,0.10009765625,False,fake_nairobi,FakeNairobiV2,7,8,4,3,7,42,2,52,4-1-5-0-3-2-6,2-6-4-1-0-5-3,751,998,0.026585714285714292,0.05800000000000005,9.61541163743683e-05,8.424307545467965e-05,433,0,991,0,3.790068479731834,0.022594054563346,0.00016446577777777866
gate_thermal,True,False,True,52,0.4192604999989271,2048,8,1.0,3,0.375,0.25,0.09326171875,0.4608154296875,0.90673828125,0.10693359375,False,fake_nairobi,FakeNairobiV2,7,8,4,3,7,42,2,52,4-1-5-0-3-2-6,2-6-4-1-0-5-3,751,998,0.026585714285714292,0.05800000000000005,9.61541163743683e-05,8.424307545467965e-05,433,0,991,0,3.790068479731834,0.022594054563346,0.00016446577777777866
gate_thermal,True,False,True,62,0.4230503999860957,2048,8,1.0,0,0.0,0.4,0.08154296875,0.46875,0.91845703125,0.1142578125,False,fake_nairobi,FakeNairobiV2,7,8,4,3,7,42,2,52,4-1-5-0-3-2-6,2-6-4-1-0-5-3,751,998,0.026585714285714292,0.05800000000000005,9.61541163743683e-05,8.424307545467965e-05,433,0,991,0,3.790068479731834,0.022594054563346,0.00016446577777777866
full_calibration,True,True,True,42,0.4283333000494167,2048,8,1.0,1,0.125,0.25,0.0810546875,0.4708251953125,0.9189453125,0.09521484375,False,fake_nairobi,FakeNairobiV2,7,8,4,3,7,42,2,52,4-1-5-0-3-2-6,2-6-4-1-0-5-3,751,998,0.026585714285714292,0.05800000000000005,9.61541163743683e-05,8.424307545467965e-05,433,0,991,0,3.790068479731834,0.022594054563346,0.00016446577777777866
full_calibration,True,True,True,52,0.4410443000961095,2048,8,1.0,2,0.25,0.31666666666666665,0.0869140625,0.466064453125,0.9130859375,0.09912109375,False,fake_nairobi,FakeNairobiV2,7,8,4,3,7,42,2,52,4-1-5-0-3-2-6,2-6-4-1-0-5-3,751,998,0.026585714285714292,0.05800000000000005,9.61541163743683e-05,8.424307545467965e-05,433,0,991,0,3.790068479731834,0.022594054563346,0.00016446577777777866
full_calibration,True,True,True,62,0.5527098999591544,2048,8,1.0,1,0.125,0.35833333333333334,0.0849609375,0.474365234375,0.9150390625,0.10986328125,False,fake_nairobi,FakeNairobiV2,7,8,4,3,7,42,2,52,4-1-5-0-3-2-6,2-6-4-1-0-5-3,751,998,0.026585714285714292,0.05800000000000005,9.61541163743683e-05,8.424307545467965e-05,433,0,991,0,3.790068479731834,0.022594054563346,0.00016446577777777866
ideal,False,False,False,42,0.044847300043329597,2048,8,1.0,8,1.0,0.0,1.0,0.0,0.021484375,0.021484375,True,fake_nairobi,FakeNairobiV2,7,8,4,3,7,42,2,62,4-1-5-0-3-2-6,2-6-4-1-0-5-3,755,1003,0.026585714285714292,0.05800000000000005,9.61541163743683e-05,8.424307545467965e-05,431,0,996,0,3.754519010328832,0.02341170869154837,0.00016273066666666746
ideal,False,False,False,52,0.05342340003699064,2048,8,1.0,8,1.0,0.0,1.0,0.0,0.03466796875,0.03466796875,True,fake_nairobi,FakeNairobiV2,7,8,4,3,7,42,2,62,4-1-5-0-3-2-6,2-6-4-1-0-5-3,755,1003,0.026585714285714292,0.05800000000000005,9.61541163743683e-05,8.424307545467965e-05,431,0,996,0,3.754519010328832,0.02341170869154837,0.00016273066666666746
ideal,False,False,False,62,0.05322510004043579,2048,8,1.0,8,1.0,0.0,1.0,0.0,0.02392578125,0.02392578125,True,fake_nairobi,FakeNairobiV2,7,8,4,3,7,42,2,62,4-1-5-0-3-2-6,2-6-4-1-0-5-3,755,1003,0.026585714285714292,0.05800000000000005,9.61541163743683e-05,8.424307545467965e-05,431,0,996,0,3.754519010328832,0.02341170869154837,0.00016273066666666746
readout_only,False,True,False,42,0.06657150003593415,2048,8,1.0,8,1.0,0.0,0.849609375,0.044921875,0.150390625,0.0205078125,True,fake_nairobi,FakeNairobiV2,7,8,4,3,7,42,2,62,4-1-5-0-3-2-6,2-6-4-1-0-5-3,755,1003,0.026585714285714292,0.05800000000000005,9.61541163743683e-05,8.424307545467965e-05,431,0,996,0,3.754519010328832,0.02341170869154837,0.00016273066666666746
readout_only,False,True,False,52,0.06637209991458803,2048,8,1.0,8,1.0,0.0,0.85302734375,0.04833984375,0.14697265625,0.02490234375,True,fake_nairobi,FakeNairobiV2,7,8,4,3,7,42,2,62,4-1-5-0-3-2-6,2-6-4-1-0-5-3,755,1003,0.026585714285714292,0.05800000000000005,9.61541163743683e-05,8.424307545467965e-05,431,0,996,0,3.754519010328832,0.02341170869154837,0.00016273066666666746
readout_only,False,True,False,62,0.06603480002377182,2048,8,1.0,8,1.0,0.0,0.875,0.0396728515625,0.126953125,0.0263671875,True,fake_nairobi,FakeNairobiV2,7,8,4,3,7,42,2,62,4-1-5-0-3-2-6,2-6-4-1-0-5-3,755,1003,0.026585714285714292,0.05800000000000005,9.61541163743683e-05,8.424307545467965e-05,431,0,996,0,3.754519010328832,0.02341170869154837,0.00016273066666666746
gate_thermal,True,False,True,42,0.4192431999836117,2048,8,1.0,1,0.125,0.3666666666666667,0.0810546875,0.462158203125,0.9189453125,0.09423828125,False,fake_nairobi,FakeNairobiV2,7,8,4,3,7,42,2,62,4-1-5-0-3-2-6,2-6-4-1-0-5-3,755,1003,0.026585714285714292,0.05800000000000005,9.61541163743683e-05,8.424307545467965e-05,431,0,996,0,3.754519010328832,0.02341170869154837,0.00016273066666666746
gate_thermal,True,False,True,52,0.39547160000074655,2048,8,1.0,3,0.375,0.23333333333333334,0.10107421875,0.457275390625,0.89892578125,0.1103515625,False,fake_nairobi,FakeNairobiV2,7,8,4,3,7,42,2,62,4-1-5-0-3-2-6,2-6-4-1-0-5-3,755,1003,0.026585714285714292,0.05800000000000005,9.61541163743683e-05,8.424307545467965e-05,431,0,996,0,3.754519010328832,0.02341170869154837,0.00016273066666666746
gate_thermal,True,False,True,62,0.3770735999569297,2048,8,1.0,1,0.125,0.425,0.08203125,0.4718017578125,0.91796875,0.115234375,False,fake_nairobi,FakeNairobiV2,7,8,4,3,7,42,2,62,4-1-5-0-3-2-6,2-6-4-1-0-5-3,755,1003,0.026585714285714292,0.05800000000000005,9.61541163743683e-05,8.424307545467965e-05,431,0,996,0,3.754519010328832,0.02341170869154837,0.00016273066666666746
full_calibration,True,True,True,42,0.3854287000140175,2048,8,1.0,1,0.125,0.15,0.07958984375,0.4683837890625,0.92041015625,0.0908203125,False,fake_nairobi,FakeNairobiV2,7,8,4,3,7,42,2,62,4-1-5-0-3-2-6,2-6-4-1-0-5-3,755,1003,0.026585714285714292,0.05800000000000005,9.61541163743683e-05,8.424307545467965e-05,431,0,996,0,3.754519010328832,0.02341170869154837,0.00016273066666666746
full_calibration,True,True,True,52,0.38604799995664507,2048,8,1.0,2,0.25,0.2833333333333333,0.091796875,0.462890625,0.908203125,0.1025390625,False,fake_nairobi,FakeNairobiV2,7,8,4,3,7,42,2,62,4-1-5-0-3-2-6,2-6-4-1-0-5-3,755,1003,0.026585714285714292,0.05800000000000005,9.61541163743683e-05,8.424307545467965e-05,431,0,996,0,3.754519010328832,0.02341170869154837,0.00016273066666666746
full_calibration,True,True,True,62,0.389085799921304,2048,8,1.0,0,0.0,0.5,0.08447265625,0.47705078125,0.91552734375,0.11083984375,False,fake_nairobi,FakeNairobiV2,7,8,4,3,7,42,2,62,4-1-5-0-3-2-6,2-6-4-1-0-5-3,755,1003,0.026585714285714292,0.05800000000000005,9.61541163743683e-05,8.424307545467965e-05,431,0,996,0,3.754519010328832,0.02341170869154837,0.00016273066666666746
ideal,False,False,False,42,0.045207299990579486,2048,8,1.0,8,1.0,0.0,1.0,0.0,0.021484375,0.021484375,True,fake_nairobi,FakeNairobiV2,7,8,4,3,7,42,2,72,4-1-5-0-3-2-6,2-6-4-3-1-5-0,747,992,0.026585714285714292,0.05800000000000005,9.61541163743683e-05,8.424307545467965e-05,435,0,985,0,3.8064109802847605,0.022227812024816038,0.0001649635555555564
ideal,False,False,False,52,0.045253499993123114,2048,8,1.0,8,1.0,0.0,1.0,0.0,0.03466796875,0.03466796875,True,fake_nairobi,FakeNairobiV2,7,8,4,3,7,42,2,72,4-1-5-0-3-2-6,2-6-4-3-1-5-0,747,992,0.026585714285714292,0.05800000000000005,9.61541163743683e-05,8.424307545467965e-05,435,0,985,0,3.8064109802847605,0.022227812024816038,0.0001649635555555564
ideal,False,False,False,62,0.04385740007273853,2048,8,1.0,8,1.0,0.0,1.0,0.0,0.02392578125,0.02392578125,True,fake_nairobi,FakeNairobiV2,7,8,4,3,7,42,2,72,4-1-5-0-3-2-6,2-6-4-3-1-5-0,747,992,0.026585714285714292,0.05800000000000005,9.61541163743683e-05,8.424307545467965e-05,435,0,985,0,3.8064109802847605,0.022227812024816038,0.0001649635555555564
readout_only,False,True,False,42,0.05982079997193068,2048,8,1.0,8,1.0,0.0,0.84130859375,0.051025390625,0.15869140625,0.01953125,True,fake_nairobi,FakeNairobiV2,7,8,4,3,7,42,2,72,4-1-5-0-3-2-6,2-6-4-3-1-5-0,747,992,0.026585714285714292,0.05800000000000005,9.61541163743683e-05,8.424307545467965e-05,435,0,985,0,3.8064109802847605,0.022227812024816038,0.0001649635555555564
readout_only,False,True,False,52,0.059604200068861246,2048,8,1.0,8,1.0,0.0,0.826171875,0.0601806640625,0.173828125,0.02294921875,True,fake_nairobi,FakeNairobiV2,7,8,4,3,7,42,2,72,4-1-5-0-3-2-6,2-6-4-3-1-5-0,747,992,0.026585714285714292,0.05800000000000005,9.61541163743683e-05,8.424307545467965e-05,435,0,985,0,3.8064109802847605,0.022227812024816038,0.0001649635555555564
readout_only,False,True,False,62,0.059165699989534914,2048,8,1.0,8,1.0,0.0,0.853515625,0.0482177734375,0.146484375,0.02783203125,True,fake_nairobi,FakeNairobiV2,7,8,4,3,7,42,2,72,4-1-5-0-3-2-6,2-6-4-3-1-5-0,747,992,0.026585714285714292,0.05800000000000005,9.61541163743683e-05,8.424307545467965e-05,435,0,985,0,3.8064109802847605,0.022227812024816038,0.0001649635555555564
gate_thermal,True,False,True,42,0.3988496999954805,2048,8,1.0,1,0.125,0.18333333333333332,0.07958984375,0.468017578125,0.92041015625,0.10009765625,False,fake_nairobi,FakeNairobiV2,7,8,4,3,7,42,2,72,4-1-5-0-3-2-6,2-6-4-3-1-5-0,747,992,0.026585714285714292,0.05800000000000005,9.61541163743683e-05,8.424307545467965e-05,435,0,985,0,3.8064109802847605,0.022227812024816038,0.0001649635555555564
gate_thermal,True,False,True,52,0.3761458999942988,2048,8,1.0,2,0.25,0.23333333333333334,0.09375,0.4544677734375,0.90625,0.10693359375,False,fake_nairobi,FakeNairobiV2,7,8,4,3,7,42,2,72,4-1-5-0-3-2-6,2-6-4-3-1-5-0,747,992,0.026585714285714292,0.05800000000000005,9.61541163743683e-05,8.424307545467965e-05,435,0,985,0,3.8064109802847605,0.022227812024816038,0.0001649635555555564
gate_thermal,True,False,True,62,0.370801999932155,2048,8,1.0,2,0.25,0.30833333333333335,0.08349609375,0.472900390625,0.91650390625,0.1142578125,False,fake_nairobi,FakeNairobiV2,7,8,4,3,7,42,2,72,4-1-5-0-3-2-6,2-6-4-3-1-5-0,747,992,0.026585714285714292,0.05800000000000005,9.61541163743683e-05,8.424307545467965e-05,435,0,985,0,3.8064109802847605,0.022227812024816038,0.0001649635555555564
full_calibration,True,True,True,42,0.389097600011155,2048,8,1.0,0,0.0,0.23333333333333334,0.078125,0.4755859375,0.921875,0.09521484375,False,fake_nairobi,FakeNairobiV2,7,8,4,3,7,42,2,72,4-1-5-0-3-2-6,2-6-4-3-1-5-0,747,992,0.026585714285714292,0.05800000000000005,9.61541163743683e-05,8.424307545467965e-05,435,0,985,0,3.8064109802847605,0.022227812024816038,0.0001649635555555564
full_calibration,True,True,True,52,0.3873919000616297,2048,8,1.0,2,0.25,0.23333333333333334,0.0859375,0.4593505859375,0.9140625,0.09912109375,False,fake_nairobi,FakeNairobiV2,7,8,4,3,7,42,2,72,4-1-5-0-3-2-6,2-6-4-3-1-5-0,747,992,0.026585714285714292,0.05800000000000005,9.61541163743683e-05,8.424307545467965e-05,435,0,985,0,3.8064109802847605,0.022227812024816038,0.0001649635555555564
full_calibration,True,True,True,62,0.3836038999725133,2048,8,1.0,1,0.125,0.3416666666666667,0.08984375,0.473388671875,0.91015625,0.10986328125,False,fake_nairobi,FakeNairobiV2,7,8,4,3,7,42,2,72,4-1-5-0-3-2-6,2-6-4-3-1-5-0,747,992,0.026585714285714292,0.05800000000000005,9.61541163743683e-05,8.424307545467965e-05,435,0,985,0,3.8064109802847605,0.022227812024816038,0.0001649635555555564
ideal,False,False,False,42,0.04622279992327094,2048,8,1.0,8,1.0,0.0,1.0,0.0,0.021484375,0.021484375,True,fake_nairobi,FakeNairobiV2,7,8,4,3,7,42,2,82,4-1-5-0-3-2-6,2-6-4-1-0-5-3,755,1003,0.026585714285714292,0.05800000000000005,9.61541163743683e-05,8.424307545467965e-05,431,0,996,0,3.7545190103288326,0.02341170869154836,0.000162766222222223
ideal,False,False,False,52,0.04438869992736727,2048,8,1.0,8,1.0,0.0,1.0,0.0,0.03466796875,0.03466796875,True,fake_nairobi,FakeNairobiV2,7,8,4,3,7,42,2,82,4-1-5-0-3-2-6,2-6-4-1-0-5-3,755,1003,0.026585714285714292,0.05800000000000005,9.61541163743683e-05,8.424307545467965e-05,431,0,996,0,3.7545190103288326,0.02341170869154836,0.000162766222222223
ideal,False,False,False,62,0.046206100028939545,2048,8,1.0,8,1.0,0.0,1.0,0.0,0.02392578125,0.02392578125,True,fake_nairobi,FakeNairobiV2,7,8,4,3,7,42,2,82,4-1-5-0-3-2-6,2-6-4-1-0-5-3,755,1003,0.026585714285714292,0.05800000000000005,9.61541163743683e-05,8.424307545467965e-05,431,0,996,0,3.7545190103288326,0.02341170869154836,0.000162766222222223
readout_only,False,True,False,42,0.05983349995221943,2048,8,1.0,8,1.0,0.0,0.849609375,0.044921875,0.150390625,0.0205078125,True,fake_nairobi,FakeNairobiV2,7,8,4,3,7,42,2,82,4-1-5-0-3-2-6,2-6-4-1-0-5-3,755,1003,0.026585714285714292,0.05800000000000005,9.61541163743683e-05,8.424307545467965e-05,431,0,996,0,3.7545190103288326,0.02341170869154836,0.000162766222222223
readout_only,False,True,False,52,0.05974310007877648,2048,8,1.0,8,1.0,0.0,0.85302734375,0.04833984375,0.14697265625,0.02490234375,True,fake_nairobi,FakeNairobiV2,7,8,4,3,7,42,2,82,4-1-5-0-3-2-6,2-6-4-1-0-5-3,755,1003,0.026585714285714292,0.05800000000000005,9.61541163743683e-05,8.424307545467965e-05,431,0,996,0,3.7545190103288326,0.02341170869154836,0.000162766222222223
readout_only,False,True,False,62,0.06313499994575977,2048,8,1.0,8,1.0,0.0,0.875,0.0396728515625,0.126953125,0.0263671875,True,fake_nairobi,FakeNairobiV2,7,8,4,3,7,42,2,82,4-1-5-0-3-2-6,2-6-4-1-0-5-3,755,1003,0.026585714285714292,0.05800000000000005,9.61541163743683e-05,8.424307545467965e-05,431,0,996,0,3.7545190103288326,0.02341170869154836,0.000162766222222223
gate_thermal,True,False,True,42,0.4025725000537932,2048,8,1.0,2,0.25,0.23333333333333334,0.08349609375,0.462890625,0.91650390625,0.09814453125,False,fake_nairobi,FakeNairobiV2,7,8,4,3,7,42,2,82,4-1-5-0-3-2-6,2-6-4-1-0-5-3,755,1003,0.026585714285714292,0.05800000000000005,9.61541163743683e-05,8.424307545467965e-05,431,0,996,0,3.7545190103288326,0.02341170869154836,0.000162766222222223
gate_thermal,True,False,True,52,0.3798306999960914,2048,8,1.0,2,0.25,0.3,0.09375,0.4603271484375,0.90625,0.107421875,False,fake_nairobi,FakeNairobiV2,7,8,4,3,7,42,2,82,4-1-5-0-3-2-6,2-6-4-1-0-5-3,755,1003,0.026585714285714292,0.05800000000000005,9.61541163743683e-05,8.424307545467965e-05,431,0,996,0,3.7545190103288326,0.02341170869154836,0.000162766222222223
gate_thermal,True,False,True,62,0.3662174000637606,2048,8,1.0,1,0.125,0.4666666666666667,0.0849609375,0.466064453125,0.9150390625,0.1142578125,False,fake_nairobi,FakeNairobiV2,7,8,4,3,7,42,2,82,4-1-5-0-3-2-6,2-6-4-1-0-5-3,755,1003,0.026585714285714292,0.05800000000000005,9.61541163743683e-05,8.424307545467965e-05,431,0,996,0,3.7545190103288326,0.02341170869154836,0.000162766222222223
full_calibration,True,True,True,42,0.3832264000084251,2048,8,1.0,1,0.125,0.19166666666666665,0.08154296875,0.4691162109375,0.91845703125,0.09326171875,False,fake_nairobi,FakeNairobiV2,7,8,4,3,7,42,2,82,4-1-5-0-3-2-6,2-6-4-1-0-5-3,755,1003,0.026585714285714292,0.05800000000000005,9.61541163743683e-05,8.424307545467965e-05,431,0,996,0,3.7545190103288326,0.02341170869154836,0.000162766222222223
full_calibration,True,True,True,52,0.3871213000966236,2048,8,1.0,2,0.25,0.31666666666666665,0.08935546875,0.465087890625,0.91064453125,0.099609375,False,fake_nairobi,FakeNairobiV2,7,8,4,3,7,42,2,82,4-1-5-0-3-2-6,2-6-4-1-0-5-3,755,1003,0.026585714285714292,0.05800000000000005,9.61541163743683e-05,8.424307545467965e-05,431,0,996,0,3.7545190103288326,0.02341170869154836,0.000162766222222223
full_calibration,True,True,True,62,0.39048140007071197,2048,8,1.0,2,0.25,0.45,0.0869140625,0.4722900390625,0.9130859375,0.10986328125,False,fake_nairobi,FakeNairobiV2,7,8,4,3,7,42,2,82,4-1-5-0-3-2-6,2-6-4-1-0-5-3,755,1003,0.026585714285714292,0.05800000000000005,9.61541163743683e-05,8.424307545467965e-05,431,0,996,0,3.7545190103288326,0.02341170869154836,0.000162766222222223
