family,severity,severity_index,single_qubit_error,two_qubit_error,readout_error,seed_simulator,simulation_seconds,shots,observed_indices,coverage_fraction,modal_correct_indices,modal_amplitude_accuracy,normalized_modal_mae,correct_basis_shot_fraction,amplitude_bit_error_rate,joint_distribution_tvd,time_distribution_tvd,exact_reconstruction,num_samples,amplitude_bits,time_bits,total_qubits,data_seed,seed_transpiler,optimization_level,transpiled_depth,transpiled_size,transpiled_cx_count
ideal,ideal,0,0.0,0.0,0.0,42,0.012758999946527183,1024,4,1.0,4,1.0,0.0,1.0,0.0,0.021484375,0.021484375,True,4,4,2,6,42,42,1,95,153,54
ideal,ideal,0,0.0,0.0,0.0,52,0.00943330000154674,1024,4,1.0,4,1.0,0.0,1.0,0.0,0.03125,0.03125,True,4,4,2,6,42,42,1,95,153,54
ideal,ideal,0,0.0,0.0,0.0,62,0.008822500007227063,1024,4,1.0,4,1.0,0.0,1.0,0.0,0.03125,0.03125,True,4,4,2,6,42,42,1,95,153,54
ideal,ideal,0,0.0,0.0,0.0,72,0.009351999964565039,1024,4,1.0,4,1.0,0.0,1.0,0.0,0.015625,0.015625,True,4,4,2,6,42,42,1,95,153,54
ideal,ideal,0,0.0,0.0,0.0,82,0.00955329998396337,1024,4,1.0,4,1.0,0.0,1.0,0.0,0.0322265625,0.0322265625,True,4,4,2,6,42,42,1,95,153,54
gate,low,1,0.0005,0.005,0.0,42,0.02227869990747422,1024,4,1.0,4,1.0,0.0,0.865234375,0.054931640625,0.134765625,0.021484375,True,4,4,2,6,42,42,1,95,153,54
gate,low,1,0.0005,0.005,0.0,52,0.021861800109036267,1024,4,1.0,4,1.0,0.0,0.857421875,0.062255859375,0.142578125,0.03125,True,4,4,2,6,42,42,1,95,153,54
gate,low,1,0.0005,0.005,0.0,62,0.020898899994790554,1024,4,1.0,4,1.0,0.0,0.8310546875,0.07666015625,0.1689453125,0.03125,True,4,4,2,6,42,42,1,95,153,54
gate,low,1,0.0005,0.005,0.0,72,0.02200950006954372,1024,4,1.0,4,1.0,0.0,0.841796875,0.070068359375,0.158203125,0.015625,True,4,4,2,6,42,42,1,95,153,54
gate,low,1,0.0005,0.005,0.0,82,0.024170599994249642,1024,4,1.0,4,1.0,0.0,0.8310546875,0.073486328125,0.1689453125,0.0322265625,True,4,4,2,6,42,42,1,95,153,54
readout,low,1,0.0,0.0,0.005,42,0.015442500007338822,1024,4,1.0,4,1.0,0.0,0.9658203125,0.0107421875,0.0400390625,0.01953125,True,4,4,2,6,42,42,1,95,153,54
readout,low,1,0.0,0.0,0.005,52,0.016477700090035796,1024,4,1.0,4,1.0,0.0,0.9716796875,0.00927734375,0.0498046875,0.029296875,True,4,4,2,6,42,42,1,95,153,54
readout,low,1,0.0,0.0,0.005,62,0.0160919000627473,1024,4,1.0,4,1.0,0.0,0.986328125,0.00537109375,0.04296875,0.03515625,True,4,4,2,6,42,42,1,95,153,54
readout,low,1,0.0,0.0,0.005,72,0.015554900048300624,1024,4,1.0,4,1.0,0.0,0.9833984375,0.005126953125,0.0224609375,0.013671875,True,4,4,2,6,42,42,1,95,153,54
readout,low,1,0.0,0.0,0.005,82,0.01580729999113828,1024,4,1.0,4,1.0,0.0,0.962890625,0.015625,0.0478515625,0.0244140625,True,4,4,2,6,42,42,1,95,153,54
combined,low,1,0.0005,0.005,0.005,42,0.02910609997343272,1024,4,1.0,4,1.0,0.0,0.837890625,0.0634765625,0.162109375,0.01953125,True,4,4,2,6,42,42,1,95,153,54
combined,low,1,0.0005,0.005,0.005,52,0.030384000041522086,1024,4,1.0,4,1.0,0.0,0.8310546875,0.07080078125,0.1689453125,0.029296875,True,4,4,2,6,42,42,1,95,153,54
combined,low,1,0.0005,0.005,0.005,62,0.03223520005121827,1024,4,1.0,4,1.0,0.0,0.8193359375,0.08056640625,0.1806640625,0.03515625,True,4,4,2,6,42,42,1,95,153,54
combined,low,1,0.0005,0.005,0.005,72,0.03227140009403229,1024,4,1.0,4,1.0,0.0,0.83203125,0.074951171875,0.16796875,0.013671875,True,4,4,2,6,42,42,1,95,153,54
combined,low,1,0.0005,0.005,0.005,82,0.029409399954602122,1024,4,1.0,4,1.0,0.0,0.80078125,0.08740234375,0.19921875,0.0244140625,True,4,4,2,6,42,42,1,95,153,54
gate,moderate,2,0.001,0.01,0.0,42,0.026807400048710406,1024,4,1.0,4,1.0,0.0,0.744140625,0.11083984375,0.255859375,0.021484375,True,4,4,2,6,42,42,1,95,153,54
gate,moderate,2,0.001,0.01,0.0,52,0.024070699932053685,1024,4,1.0,4,1.0,0.0,0.70703125,0.12451171875,0.29296875,0.03125,True,4,4,2,6,42,42,1,95,153,54
gate,moderate,2,0.001,0.01,0.0,62,0.02344360004644841,1024,4,1.0,4,1.0,0.0,0.7021484375,0.134033203125,0.2978515625,0.03125,True,4,4,2,6,42,42,1,95,153,54
gate,moderate,2,0.001,0.01,0.0,72,0.02308640000410378,1024,4,1.0,4,1.0,0.0,0.7119140625,0.12109375,0.2880859375,0.015625,True,4,4,2,6,42,42,1,95,153,54
gate,moderate,2,0.001,0.01,0.0,82,0.023936100071296096,1024,4,1.0,4,1.0,0.0,0.69140625,0.137939453125,0.30859375,0.0322265625,True,4,4,2,6,42,42,1,95,153,54
readout,moderate,2,0.0,0.0,0.01,42,0.016825899947434664,1024,4,1.0,4,1.0,0.0,0.9306640625,0.023681640625,0.0693359375,0.0166015625,True,4,4,2,6,42,42,1,95,153,54
readout,moderate,2,0.0,0.0,0.01,52,0.017981900018639863,1024,4,1.0,4,1.0,0.0,0.9326171875,0.021484375,0.078125,0.0244140625,True,4,4,2,6,42,42,1,95,153,54
readout,moderate,2,0.0,0.0,0.01,62,0.01719069993123412,1024,4,1.0,4,1.0,0.0,0.9580078125,0.0166015625,0.064453125,0.0380859375,True,4,4,2,6,42,42,1,95,153,54
readout,moderate,2,0.0,0.0,0.01,72,0.01830220001284033,1024,4,1.0,4,1.0,0.0,0.9599609375,0.012451171875,0.0400390625,0.01171875,True,4,4,2,6,42,42,1,95,153,54
readout,moderate,2,0.0,0.0,0.01,82,0.017961799982003868,1024,4,1.0,4,1.0,0.0,0.939453125,0.0244140625,0.060546875,0.0234375,True,4,4,2,6,42,42,1,95,153,54
combined,moderate,2,0.001,0.01,0.01,42,0.03198440000414848,1024,4,1.0,4,1.0,0.0,0.697265625,0.129150390625,0.302734375,0.0166015625,True,4,4,2,6,42,42,1,95,153,54
combined,moderate,2,0.001,0.01,0.01,52,0.03099540004041046,1024,4,1.0,4,1.0,0.0,0.6572265625,0.1416015625,0.3427734375,0.0244140625,True,4,4,2,6,42,42,1,95,153,54
combined,moderate,2,0.001,0.01,0.01,62,0.03177539992611855,1024,4,1.0,4,1.0,0.0,0.677734375,0.14501953125,0.322265625,0.0380859375,True,4,4,2,6,42,42,1,95,153,54
combined,moderate,2,0.001,0.01,0.01,72,0.032079100026749074,1024,4,1.0,4,1.0,0.0,0.68359375,0.12890625,0.31640625,0.01171875,True,4,4,2,6,42,42,1,95,153,54
combined,moderate,2,0.001,0.01,0.01,82,0.032931900001131,1024,4,1.0,4,1.0,0.0,0.6533203125,0.154296875,0.3466796875,0.0234375,True,4,4,2,6,42,42,1,95,153,54
gate,high,3,0.002,0.02,0.0,42,0.026418800000101328,1024,4,1.0,4,1.0,0.0,0.5380859375,0.208251953125,0.4619140625,0.021484375,True,4,4,2,6,42,42,1,95,153,54
gate,high,3,0.002,0.02,0.0,52,0.024145199917256832,1024,4,1.0,4,1.0,0.0,0.513671875,0.216796875,0.486328125,0.03125,True,4,4,2,6,42,42,1,95,153,54
gate,high,3,0.002,0.02,0.0,62,0.025081900064833462,1024,4,1.0,4,1.0,0.0,0.5048828125,0.2255859375,0.4951171875,0.03125,True,4,4,2,6,42,42,1,95,153,54
gate,high,3,0.002,0.02,0.0,72,0.024988600052893162,1024,4,1.0,4,1.0,0.0,0.5068359375,0.22509765625,0.4931640625,0.015625,True,4,4,2,6,42,42,1,95,153,54
gate,high,3,0.002,0.02,0.0,82,0.023264699964784086,1024,4,1.0,4,1.0,0.0,0.494140625,0.231689453125,0.505859375,0.0322265625,True,4,4,2,6,42,42,1,95,153,54
readout,high,3,0.0,0.0,0.02,42,0.01609779999125749,1024,4,1.0,4,1.0,0.0,0.888671875,0.0380859375,0.111328125,0.013671875,True,4,4,2,6,42,42,1,95,153,54
readout,high,3,0.0,0.0,0.02,52,0.016778600052930415,1024,4,1.0,4,1.0,0.0,0.8759765625,0.041015625,0.1259765625,0.029296875,True,4,4,2,6,42,42,1,95,153,54
readout,high,3,0.0,0.0,0.02,62,0.01829650008585304,1024,4,1.0,4,1.0,0.0,0.9111328125,0.032958984375,0.095703125,0.03125,True,4,4,2,6,42,42,1,95,153,54
readout,high,3,0.0,0.0,0.02,72,0.01731090003158897,1024,4,1.0,4,1.0,0.0,0.9111328125,0.028076171875,0.0888671875,0.013671875,True,4,4,2,6,42,42,1,95,153,54
readout,high,3,0.0,0.0,0.02,82,0.016652699909172952,1024,4,1.0,4,1.0,0.0,0.8798828125,0.046142578125,0.1201171875,0.0205078125,True,4,4,2,6,42,42,1,95,153,54
combined,high,3,0.002,0.02,0.02,42,0.032643500017002225,1024,4,1.0,4,1.0,0.0,0.494140625,0.227294921875,0.505859375,0.013671875,True,4,4,2,6,42,42,1,95,153,54
combined,high,3,0.002,0.02,0.02,52,0.03132730000652373,1024,4,1.0,4,1.0,0.0,0.4462890625,0.2431640625,0.5537109375,0.029296875,True,4,4,2,6,42,42,1,95,153,54
combined,high,3,0.002,0.02,0.02,62,0.03369040007237345,1024,4,1.0,4,1.0,0.0,0.4638671875,0.240966796875,0.5361328125,0.03125,True,4,4,2,6,42,42,1,95,153,54
combined,high,3,0.002,0.02,0.02,72,0.033359199995175004,1024,4,1.0,4,1.0,0.0,0.4619140625,0.2392578125,0.5380859375,0.013671875,True,4,4,2,6,42,42,1,95,153,54
combined,high,3,0.002,0.02,0.02,82,0.03080870001576841,1024,4,1.0,4,1.0,0.0,0.43359375,0.255126953125,0.56640625,0.0205078125,True,4,4,2,6,42,42,1,95,153,54
gate,severe,4,0.005,0.05,0.0,42,0.028001899947412312,1024,4,1.0,4,1.0,0.0,0.234375,0.354248046875,0.765625,0.021484375,True,4,4,2,6,42,42,1,95,153,54
gate,severe,4,0.005,0.05,0.0,52,0.026785299996845424,1024,4,1.0,4,1.0,0.0,0.2158203125,0.353759765625,0.7841796875,0.03125,True,4,4,2,6,42,42,1,95,153,54
gate,severe,4,0.005,0.05,0.0,62,0.033446599962189794,1024,4,1.0,4,1.0,0.0,0.22265625,0.368408203125,0.77734375,0.03125,True,4,4,2,6,42,42,1,95,153,54
gate,severe,4,0.005,0.05,0.0,72,0.024551199981942773,1024,4,1.0,4,1.0,0.0,0.2236328125,0.38134765625,0.7763671875,0.015625,True,4,4,2,6,42,42,1,95,153,54
gate,severe,4,0.005,0.05,0.0,82,0.025693300063721836,1024,4,1.0,4,1.0,0.0,0.21484375,0.376953125,0.78515625,0.0322265625,True,4,4,2,6,42,42,1,95,153,54
readout,severe,4,0.0,0.0,0.05,42,0.025522399926558137,1024,4,1.0,4,1.0,0.0,0.73046875,0.09033203125,0.26953125,0.015625,True,4,4,2,6,42,42,1,95,153,54
readout,severe,4,0.0,0.0,0.05,52,0.017053799936547875,1024,4,1.0,4,1.0,0.0,0.71875,0.101318359375,0.28125,0.0283203125,True,4,4,2,6,42,42,1,95,153,54
readout,severe,4,0.0,0.0,0.05,62,0.01678929990157485,1024,4,1.0,4,1.0,0.0,0.724609375,0.10205078125,0.275390625,0.029296875,True,4,4,2,6,42,42,1,95,153,54
readout,severe,4,0.0,0.0,0.05,72,0.01641190005466342,1024,4,1.0,4,1.0,0.0,0.74609375,0.083251953125,0.25390625,0.0126953125,True,4,4,2,6,42,42,1,95,153,54
readout,severe,4,0.0,0.0,0.05,82,0.016713500022888184,1024,4,1.0,4,1.0,0.0,0.7431640625,0.091552734375,0.2568359375,0.0224609375,True,4,4,2,6,42,42,1,95,153,54
combined,severe,4,0.005,0.05,0.05,42,0.02826129994355142,1024,4,1.0,4,1.0,0.0,0.18359375,0.375244140625,0.81640625,0.015625,True,4,4,2,6,42,42,1,95,153,54
combined,severe,4,0.005,0.05,0.05,52,0.03182789997663349,1024,4,1.0,4,1.0,0.0,0.1669921875,0.3828125,0.8330078125,0.0283203125,True,4,4,2,6,42,42,1,95,153,54
combined,severe,4,0.005,0.05,0.05,62,0.02911650005262345,1024,4,1.0,4,1.0,0.0,0.18359375,0.395263671875,0.81640625,0.029296875,True,4,4,2,6,42,42,1,95,153,54
combined,severe,4,0.005,0.05,0.05,72,0.029206300037913024,1024,4,1.0,4,1.0,0.0,0.177734375,0.39892578125,0.822265625,0.0126953125,True,4,4,2,6,42,42,1,95,153,54
combined,severe,4,0.005,0.05,0.05,82,0.03127789997961372,1024,4,1.0,4,1.0,0.0,0.181640625,0.399658203125,0.818359375,0.0224609375,True,4,4,2,6,42,42,1,95,153,54
ideal,ideal,0,0.0,0.0,0.0,42,0.029207499930635095,1024,8,1.0,8,1.0,0.0,1.0,0.0,0.0419921875,0.0419921875,True,8,4,3,7,42,42,1,454,557,236
ideal,ideal,0,0.0,0.0,0.0,52,0.03015789994969964,1024,8,1.0,8,1.0,0.0,1.0,0.0,0.0595703125,0.0595703125,True,8,4,3,7,42,42,1,454,557,236
ideal,ideal,0,0.0,0.0,0.0,62,0.03202929999679327,1024,8,1.0,8,1.0,0.0,1.0,0.0,0.0439453125,0.0439453125,True,8,4,3,7,42,42,1,454,557,236
ideal,ideal,0,0.0,0.0,0.0,72,0.032812400022521615,1024,8,1.0,8,1.0,0.0,1.0,0.0,0.0283203125,0.0283203125,True,8,4,3,7,42,42,1,454,557,236
ideal,ideal,0,0.0,0.0,0.0,82,0.030811200034804642,1024,8,1.0,8,1.0,0.0,1.0,0.0,0.041015625,0.041015625,True,8,4,3,7,42,42,1,454,557,236
gate,low,1,0.0005,0.005,0.0,42,0.16873489995487034,1024,8,1.0,8,1.0,0.0,0.48046875,0.225830078125,0.51953125,0.0419921875,True,8,4,3,7,42,42,1,454,557,236
gate,low,1,0.0005,0.005,0.0,52,0.1678548000054434,1024,8,1.0,8,1.0,0.0,0.4736328125,0.23291015625,0.5263671875,0.0595703125,True,8,4,3,7,42,42,1,454,557,236
gate,low,1,0.0005,0.005,0.0,62,0.1581233999459073,1024,8,1.0,8,1.0,0.0,0.4736328125,0.241943359375,0.5263671875,0.0439453125,True,8,4,3,7,42,42,1,454,557,236
gate,low,1,0.0005,0.005,0.0,72,0.17078939999919385,1024,8,1.0,8,1.0,0.0,0.46875,0.2392578125,0.53125,0.0283203125,True,8,4,3,7,42,42,1,454,557,236
gate,low,1,0.0005,0.005,0.0,82,0.18501439993269742,1024,8,1.0,8,1.0,0.0,0.4853515625,0.22998046875,0.5146484375,0.041015625,True,8,4,3,7,42,42,1,454,557,236
readout,low,1,0.0,0.0,0.005,42,0.03687690000515431,1024,8,1.0,8,1.0,0.0,0.96875,0.010009765625,0.056640625,0.0390625,True,8,4,3,7,42,42,1,454,557,236
readout,low,1,0.0,0.0,0.005,52,0.03692420001607388,1024,8,1.0,8,1.0,0.0,0.9658203125,0.01025390625,0.068359375,0.064453125,True,8,4,3,7,42,42,1,454,557,236
readout,low,1,0.0,0.0,0.005,62,0.03964879992417991,1024,8,1.0,8,1.0,0.0,0.974609375,0.00732421875,0.0546875,0.04296875,True,8,4,3,7,42,42,1,454,557,236
readout,low,1,0.0,0.0,0.005,72,0.04380510002374649,1024,8,1.0,8,1.0,0.0,0.9794921875,0.005859375,0.04296875,0.029296875,True,8,4,3,7,42,42,1,454,557,236
readout,low,1,0.0,0.0,0.005,82,0.04265690001193434,1024,8,1.0,8,1.0,0.0,0.9619140625,0.011474609375,0.0673828125,0.04296875,True,8,4,3,7,42,42,1,454,557,236
combined,low,1,0.0005,0.005,0.005,42,0.16885500005446374,1024,8,1.0,8,1.0,0.0,0.46484375,0.2314453125,0.53515625,0.0390625,True,8,4,3,7,42,42,1,454,557,236
combined,low,1,0.0005,0.005,0.005,52,0.16758740006480366,1024,8,1.0,8,1.0,0.0,0.4638671875,0.237548828125,0.5361328125,0.064453125,True,8,4,3,7,42,42,1,454,557,236
combined,low,1,0.0005,0.005,0.005,62,0.15904499997850507,1024,8,1.0,8,1.0,0.0,0.458984375,0.24609375,0.541015625,0.04296875,True,8,4,3,7,42,42,1,454,557,236
combined,low,1,0.0005,0.005,0.005,72,0.1532082000048831,1024,8,1.0,8,1.0,0.0,0.4619140625,0.241943359375,0.5380859375,0.029296875,True,8,4,3,7,42,42,1,454,557,236
combined,low,1,0.0005,0.005,0.005,82,0.1575271999463439,1024,8,1.0,8,1.0,0.0,0.4697265625,0.2353515625,0.5302734375,0.04296875,True,8,4,3,7,42,42,1,454,557,236
gate,moderate,2,0.001,0.01,0.0,42,0.17341689998283982,1024,8,1.0,8,1.0,0.0,0.25,0.359375,0.75,0.0419921875,True,8,4,3,7,42,42,1,454,557,236
gate,moderate,2,0.001,0.01,0.0,52,0.1581408999627456,1024,8,1.0,8,1.0,0.0,0.2490234375,0.356689453125,0.7509765625,0.0595703125,True,8,4,3,7,42,42,1,454,557,236
gate,moderate,2,0.001,0.01,0.0,62,0.14579019998200238,1024,8,1.0,8,1.0,0.0,0.2578125,0.35205078125,0.7421875,0.0439453125,True,8,4,3,7,42,42,1,454,557,236
gate,moderate,2,0.001,0.01,0.0,72,0.14100150007288903,1024,8,1.0,8,1.0,0.0,0.240234375,0.37255859375,0.759765625,0.0283203125,True,8,4,3,7,42,42,1,454,557,236
gate,moderate,2,0.001,0.01,0.0,82,0.15727710002101958,1024,8,1.0,8,1.0,0.0,0.259765625,0.3505859375,0.740234375,0.041015625,True,8,4,3,7,42,42,1,454,557,236
readout,moderate,2,0.0,0.0,0.01,42,0.03528839990030974,1024,8,1.0,8,1.0,0.0,0.9296875,0.021484375,0.0849609375,0.041015625,True,8,4,3,7,42,42,1,454,557,236
readout,moderate,2,0.0,0.0,0.01,52,0.03580309997778386,1024,8,1.0,8,1.0,0.0,0.9326171875,0.021240234375,0.083984375,0.0595703125,True,8,4,3,7,42,42,1,454,557,236
readout,moderate,2,0.0,0.0,0.01,62,0.03351229999680072,1024,8,1.0,8,1.0,0.0,0.9482421875,0.01611328125,0.0751953125,0.041015625,True,8,4,3,7,42,42,1,454,557,236
readout,moderate,2,0.0,0.0,0.01,72,0.03216359997168183,1024,8,1.0,8,1.0,0.0,0.955078125,0.01318359375,0.0634765625,0.0341796875,True,8,4,3,7,42,42,1,454,557,236
readout,moderate,2,0.0,0.0,0.01,82,0.034507300006225705,1024,8,1.0,8,1.0,0.0,0.9375,0.018798828125,0.0830078125,0.044921875,True,8,4,3,7,42,42,1,454,557,236
combined,moderate,2,0.001,0.01,0.01,42,0.16166610002983361,1024,8,1.0,8,1.0,0.0,0.2421875,0.365234375,0.7578125,0.041015625,True,8,4,3,7,42,42,1,454,557,236
combined,moderate,2,0.001,0.01,0.01,52,0.15262449998408556,1024,8,1.0,8,1.0,0.0,0.234375,0.3642578125,0.765625,0.0595703125,True,8,4,3,7,42,42,1,454,557,236
combined,moderate,2,0.001,0.01,0.01,62,0.1499016999732703,1024,8,1.0,8,1.0,0.0,0.248046875,0.358642578125,0.751953125,0.041015625,True,8,4,3,7,42,42,1,454,557,236
combined,moderate,2,0.001,0.01,0.01,72,0.14694799995049834,1024,8,1.0,8,1.0,0.0,0.236328125,0.37451171875,0.763671875,0.0341796875,True,8,4,3,7,42,42,1,454,557,236
combined,moderate,2,0.001,0.01,0.01,82,0.14546649996191263,1024,8,1.0,8,1.0,0.0,0.2509765625,0.356689453125,0.7490234375,0.044921875,True,8,4,3,7,42,42,1,454,557,236
gate,high,3,0.002,0.02,0.0,42,0.13787929993122816,1024,8,1.0,3,0.375,0.2833333333333333,0.1044921875,0.4609375,0.8955078125,0.0419921875,False,8,4,3,7,42,42,1,454,557,236
gate,high,3,0.002,0.02,0.0,52,0.14377059997059405,1024,8,1.0,4,0.5,0.24166666666666667,0.109375,0.447021484375,0.890625,0.0595703125,False,8,4,3,7,42,42,1,454,557,236
gate,high,3,0.002,0.02,0.0,62,0.13966179999988526,1024,8,1.0,2,0.25,0.31666666666666665,0.107421875,0.449462890625,0.892578125,0.0439453125,False,8,4,3,7,42,42,1,454,557,236
gate,high,3,0.002,0.02,0.0,72,0.14280479995068163,1024,8,1.0,2,0.25,0.38333333333333336,0.107421875,0.453369140625,0.892578125,0.0283203125,False,8,4,3,7,42,42,1,454,557,236
gate,high,3,0.002,0.02,0.0,82,0.1443640999495983,1024,8,1.0,1,0.125,0.4,0.1103515625,0.453857421875,0.8896484375,0.041015625,False,8,4,3,7,42,42,1,454,557,236
readout,high,3,0.0,0.0,0.02,42,0.02963510004337877,1024,8,1.0,8,1.0,0.0,0.8603515625,0.043212890625,0.1396484375,0.0400390625,True,8,4,3,7,42,42,1,454,557,236
readout,high,3,0.0,0.0,0.02,52,0.03079220000654459,1024,8,1.0,8,1.0,0.0,0.875,0.039306640625,0.1279296875,0.0537109375,True,8,4,3,7,42,42,1,454,557,236
readout,high,3,0.0,0.0,0.02,62,0.02987080009188503,1024,8,1.0,8,1.0,0.0,0.900390625,0.031982421875,0.111328125,0.0380859375,True,8,4,3,7,42,42,1,454,557,236
readout,high,3,0.0,0.0,0.02,72,0.029545399942435324,1024,8,1.0,8,1.0,0.0,0.9013671875,0.028564453125,0.1064453125,0.0400390625,True,8,4,3,7,42,42,1,454,557,236
readout,high,3,0.0,0.0,0.02,82,0.029262099997140467,1024,8,1.0,8,1.0,0.0,0.8916015625,0.032470703125,0.1171875,0.041015625,True,8,4,3,7,42,42,1,454,557,236
combined,high,3,0.002,0.02,0.02,42,0.14992009999696165,1024,8,1.0,2,0.25,0.30833333333333335,0.0947265625,0.463623046875,0.9052734375,0.0400390625,False,8,4,3,7,42,42,1,454,557,236
combined,high,3,0.002,0.02,0.02,52,0.15095829998608679,1024,8,1.0,3,0.375,0.3333333333333333,0.1015625,0.453369140625,0.8984375,0.0537109375,False,8,4,3,7,42,42,1,454,557,236
combined,high,3,0.002,0.02,0.02,62,0.1477254000492394,1024,8,1.0,3,0.375,0.21666666666666665,0.1083984375,0.44970703125,0.8916015625,0.0380859375,False,8,4,3,7,42,42,1,454,557,236
combined,high,3,0.002,0.02,0.02,72,0.1444290999788791,1024,8,1.0,2,0.25,0.38333333333333336,0.1044921875,0.45654296875,0.8955078125,0.0400390625,False,8,4,3,7,42,42,1,454,557,236
combined,high,3,0.002,0.02,0.02,82,0.1421699000056833,1024,8,1.0,1,0.125,0.35833333333333334,0.103515625,0.45458984375,0.896484375,0.041015625,False,8,4,3,7,42,42,1,454,557,236
gate,severe,4,0.005,0.05,0.0,42,0.136905400082469,1024,8,1.0,0,0.0,0.39999999999999997,0.060546875,0.50244140625,0.939453125,0.0419921875,False,8,4,3,7,42,42,1,454,557,236
gate,severe,4,0.005,0.05,0.0,52,0.1432799999602139,1024,8,1.0,1,0.125,0.5666666666666667,0.06640625,0.483642578125,0.93359375,0.0595703125,False,8,4,3,7,42,42,1,454,557,236
gate,severe,4,0.005,0.05,0.0,62,0.1413665000582114,1024,8,1.0,1,0.125,0.31666666666666665,0.0654296875,0.48291015625,0.9345703125,0.0439453125,False,8,4,3,7,42,42,1,454,557,236
gate,severe,4,0.005,0.05,0.0,72,0.14083899999968708,1024,8,1.0,0,0.0,0.5166666666666667,0.052734375,0.498291015625,0.947265625,0.0283203125,False,8,4,3,7,42,42,1,454,557,236
gate,severe,4,0.005,0.05,0.0,82,0.14113399991765618,1024,8,1.0,0,0.0,0.39166666666666666,0.060546875,0.49658203125,0.939453125,0.041015625,False,8,4,3,7,42,42,1,454,557,236
readout,severe,4,0.0,0.0,0.05,42,0.02883199998177588,1024,8,1.0,8,1.0,0.0,0.6962890625,0.098876953125,0.3037109375,0.037109375,True,8,4,3,7,42,42,1,454,557,236
readout,severe,4,0.0,0.0,0.05,52,0.0287978999549523,1024,8,1.0,8,1.0,0.0,0.7138671875,0.093994140625,0.2861328125,0.0439453125,True,8,4,3,7,42,42,1,454,557,236
readout,severe,4,0.0,0.0,0.05,62,0.0307241000700742,1024,8,1.0,8,1.0,0.0,0.7216796875,0.0947265625,0.2783203125,0.0390625,True,8,4,3,7,42,42,1,454,557,236
readout,severe,4,0.0,0.0,0.05,72,0.02979360008612275,1024,8,1.0,8,1.0,0.0,0.740234375,0.083251953125,0.259765625,0.0283203125,True,8,4,3,7,42,42,1,454,557,236
readout,severe,4,0.0,0.0,0.05,82,0.029291699989698827,1024,8,1.0,8,1.0,0.0,0.7373046875,0.0888671875,0.2626953125,0.0400390625,True,8,4,3,7,42,42,1,454,557,236
combined,severe,4,0.005,0.05,0.05,42,0.1473784000845626,1024,8,1.0,0,0.0,0.41666666666666663,0.0556640625,0.510009765625,0.9443359375,0.037109375,False,8,4,3,7,42,42,1,454,557,236
combined,severe,4,0.005,0.05,0.05,52,0.14648620004300028,1024,8,1.0,1,0.125,0.5083333333333333,0.0615234375,0.489990234375,0.9384765625,0.0439453125,False,8,4,3,7,42,42,1,454,557,236
combined,severe,4,0.005,0.05,0.05,62,0.14654350001364946,1024,8,1.0,0,0.0,0.475,0.0595703125,0.487548828125,0.9404296875,0.0390625,False,8,4,3,7,42,42,1,454,557,236
combined,severe,4,0.005,0.05,0.05,72,0.14405410003382713,1024,8,1.0,0,0.0,0.4666666666666667,0.0595703125,0.500244140625,0.9404296875,0.0283203125,False,8,4,3,7,42,42,1,454,557,236
combined,severe,4,0.005,0.05,0.05,82,0.1520557999610901,1024,8,1.0,0,0.0,0.41666666666666663,0.0625,0.49365234375,0.9375,0.0400390625,False,8,4,3,7,42,42,1,454,557,236
